,id,score,category,categoryID,name,address,postalcode,city,latitude,longitude,venue_name,venue_latitude,venue_longitude
0,4e73881c922e0a374024c7b8,7.8,Coffee Shops,4bf58dd8d48988d1e0931735,Starbucks,8 N. Michigan Avenue,60602,Chicago,41.88247774,-87.62470103,Millennium Park,41.882626771768955,-87.62333556490987
1,551192b1498e8695352d33e6,8.1,American Restaurants,4bf58dd8d48988d14e941735,Remington's,20 N Michigan Ave,60602,Chicago,41.88262817996864,-87.6246078982256,Millennium Park,41.882626771768955,-87.62333556490987
2,4ed3dd7e93ad987b5112d29f,8.2,Bakeries,4bf58dd8d48988d16a941735,Panera Bread,2 N Michigan Ave,60602,Chicago,41.882273,-87.624795,Millennium Park,41.882626771768955,-87.62333556490987
3,556509d6498e726bdec19fe9,8.4,Burger Joints,4bf58dd8d48988d16c941735,Shake Shack,12 S Michigan Ave,60603,Chicago,41.881672517022395,-87.62445548060445,Millennium Park,41.882626771768955,-87.62333556490987
4,49e749fbf964a52086641fe3,8.9,Gastropubs,4bf58dd8d48988d155941735,The Gage,24 S Michigan Ave,60603,Chicago,41.88120182139492,-87.62448118100146,Millennium Park,41.882626771768955,-87.62333556490987
5,55669b9b498ee34e5249ea61,9.2,New American Restaurants,4bf58dd8d48988d157941735,Cindy's,12 S Michigan Ave,60603,Chicago,41.88169538551873,-87.62460021795313,Millennium Park,41.882626771768955,-87.62333556490987
6,4e56e50352b1d8d4e311da9e,8.7,Bakeries,4bf58dd8d48988d16a941735,Toni Patisserie & Café,65 E Washington St,60602,Chicago,41.88323731071309,-87.62536236548584,Millennium Park,41.882626771768955,-87.62333556490987
7,4e879cdc93adfd051d6d609e,9.0,Breakfast Spots,4bf58dd8d48988d143941735,Wildberry Pancakes & Cafe,130 E Randolph St,60601,Chicago,41.884412453490874,-87.62304697069013,Millennium Park,41.882626771768955,-87.62333556490987
8,4bfbddf3565f76b0610d06db,6.1,Fast Food Restaurants,4bf58dd8d48988d16e941735,Burger King,151 E Randolph St,60601,Chicago,41.88486425269765,-87.62406359622571,Millennium Park,41.882626771768955,-87.62333556490987
9,556b5527498e3bb54be5ff78,9.0,American Restaurants,4bf58dd8d48988d14e941735,Cherry Circle Room,12 S Michigan Ave,60603,Chicago,41.88199386897253,-87.62504971026537,Millennium Park,41.882626771768955,-87.62333556490987
10,4b1c7145f964a520660724e3,7.7,Coffee Shops,4bf58dd8d48988d1e0931735,Starbucks,151 N. Michigan Ave.,60601,Chicago,41.88512003,-87.62410552,Millennium Park,41.882626771768955,-87.62333556490987
11,4a63b5c3f964a5209fc51fe3,7.9,Pizza Places,4bf58dd8d48988d1ca941735,Pizano's Pizza,61 E Madison St.,60603,Chicago,41.88203067877805,-87.62564191295317,Millennium Park,41.882626771768955,-87.62333556490987
12,4b215953f964a520843a24e3,6.4,Italian Restaurants,4bf58dd8d48988d110941735,Sopraffina,200 E Randolph,60601,Chicago,41.88476886982222,-87.62153948006629,Millennium Park,41.882626771768955,-87.62333556490987
13,59ea2c436e46507344ca1aae,9.2,Salad Places,4bf58dd8d48988d1bd941735,sweetgreen,150 N Michigan Ave,60601,Chicago,41.8849641,-87.6247284,Millennium Park,41.882626771768955,-87.62333556490987
14,54626978498e94400ce0bcfc,8.7,Snack Places,4bf58dd8d48988d1c7941735,Garrett Popcorn Shops - Millennium Park Plaza,151 N Michigan Ave,60601,Chicago,41.88485432912304,-87.62449889209589,Millennium Park,41.882626771768955,-87.62333556490987
15,59aed71ed552c7632d13c4ee,7.8,African Restaurants,4bf58dd8d48988d1c8941735,Nando's Peri-Peri,117 E Lake St,60601,Chicago,41.88569436185178,-87.624279366855,Millennium Park,41.882626771768955,-87.62333556490987
16,4a5bc165f964a520b9bb1fe3,9.2,Coffee Shops,4bf58dd8d48988d1e0931735,Intelligentsia Coffee,53 E Randolph St,60601,Chicago,41.88451693392431,-87.62578251254217,Millennium Park,41.882626771768955,-87.62333556490987
17,5652164f498e36174c80c9d5,8.5,African Restaurants,4bf58dd8d48988d1c8941735,Nando's Peri-Peri,22 S Wabash Ave,60603,Chicago,41.88132517058762,-87.62610609482775,Millennium Park,41.882626771768955,-87.62333556490987
18,4b40d131f964a52088bb25e3,7.1,Coffee Shops,4bf58dd8d48988d1e0931735,Starbucks,200 N Michigan Ave,60601,Chicago,41.88594506102927,-87.62480898377109,Millennium Park,41.882626771768955,-87.62333556490987
19,5806b79538fa3fe281b7170b,9.1,Mediterranean Restaurants,4bf58dd8d48988d1c0941735,Roti Modern Mediterranean,80 E Lake St,60601,Chicago,41.88590006133202,-87.62494549155235,Millennium Park,41.882626771768955,-87.62333556490987
20,4ac91938f964a5209abe20e3,8.2,American Restaurants,4bf58dd8d48988d14e941735,Sweetwater Tavern & Grille,225 N Michigan Ave,60601,Chicago,41.88640478842735,-87.62440762332034,Millennium Park,41.882626771768955,-87.62333556490987
21,51e43894498e6dfbd17d7523,8.7,Middle Eastern Restaurants,4bf58dd8d48988d115941735,Naf Naf Grill,326 N Michigan Ave,60601,Chicago,41.887618417448806,-87.62450537999509,Millennium Park,41.882626771768955,-87.62333556490987
22,54919007498e847c5398e995,7.8,Juice Bars,4bf58dd8d48988d112941735,Protein Bar & Kitchen,151 N Michigan Ave,60601,Chicago,41.885002,-87.624188,Millennium Park,41.882626771768955,-87.62333556490987
23,592f142acf72a063b395cb43,7.2,Cafés,4bf58dd8d48988d16d941735,Nutella Cafe,189 N Michigan Avenue,60601,Chicago,41.88559525878139,-87.62447569769371,Millennium Park,41.882626771768955,-87.62333556490987
24,4b1d4b87f964a5205a0e24e3,6.1,Restaurants,4bf58dd8d48988d1c4941735,Market Creations,130 E Randolph St,60601,Chicago,41.88469159793658,-87.62370857374096,Millennium Park,41.882626771768955,-87.62333556490987
25,4c2b8f18ae6820a188021843,8.1,Coffee Shops,4bf58dd8d48988d1e0931735,Starbucks,131 South State,60603,Chicago,41.87958598,-87.6278888,Millennium Park,41.882626771768955,-87.62333556490987
26,4e8f3a25d3e3187fc26ada30,8.2,Mexican Restaurants,4bf58dd8d48988d1c1941735,Chipotle Mexican Grill,316 N Michigan Ave,60601,Chicago,41.887287723166054,-87.62484811532687,Millennium Park,41.882626771768955,-87.62333556490987
27,4a189b92f964a520d0791fe3,8.8,Pizza Places,4bf58dd8d48988d1ca941735,Giordano's,130 E Randolph St,60601,Chicago,41.8851301,-87.6237612,Millennium Park,41.882626771768955,-87.62333556490987
28,4e667204091afcffda218e18,8.6,Bakeries,4bf58dd8d48988d16a941735,Magnolia Bakery,108 N State St,60602,Chicago,41.88418724189101,-87.62807811436072,Millennium Park,41.882626771768955,-87.62333556490987
29,4b07001ef964a52016f522e3,7.5,Coffee Shops,4bf58dd8d48988d1e0931735,Starbucks,35 E. Wacker Dr,60601,Chicago,41.88664438,-87.62698686,Millennium Park,41.882626771768955,-87.62333556490987
30,4a341c58f964a520c19b1fe3,8.2,Tea Rooms,4bf58dd8d48988d1dc931735,Argo Tea,16 W Randolph St,60601,Chicago,41.88448642718205,-87.62841459966667,Millennium Park,41.882626771768955,-87.62333556490987
31,49f0db84f964a52065691fe3,7.9,Coffee Shops,4bf58dd8d48988d1e0931735,Starbucks,225 N Michigan Ave,60601,Chicago,41.8860829,-87.62406948,Millennium Park,41.882626771768955,-87.62333556490987
32,49edf724f964a52006681fe3,7.9,Sandwich Places,4bf58dd8d48988d1c5941735,Potbelly Sandwich Shop,111 E Wacker Dr,60601,Chicago,41.887483,-87.623613,Millennium Park,41.882626771768955,-87.62333556490987
33,4b475fa5f964a520263026e3,7.2,Frozen Yogurt Shops,512e7cae91d4cbb4e5efe0af,The Lifeway Kefir Shop,108 N State St,60602,Chicago,41.8837857356299,-87.6289968375569,Millennium Park,41.882626771768955,-87.62333556490987
34,49d8159cf964a520a05d1fe3,8.2,Pubs,4bf58dd8d48988d11b941735,Miller's Pub,134 S Wabash Ave,60603,Chicago,41.87980606438684,-87.62596591869482,Millennium Park,41.882626771768955,-87.62333556490987
35,51c308c7498e369787203cfe,8.4,Fast Food Restaurants,4bf58dd8d48988d16e941735,Chick-fil-A,"177 N State St, Suite 1A",60601,Chicago,41.885609,-87.627665,Millennium Park,41.882626771768955,-87.62333556490987
36,553977b7498eb9779dcb0592,8.6,Cafés,4bf58dd8d48988d16d941735,Goddess and The Baker,33 S Wabash Ave,60603,Chicago,41.8813047949221,-87.62611682811053,Millennium Park,41.882626771768955,-87.62333556490987
37,520d61de498e45c732e26e4a,8.3,Italian Restaurants,4bf58dd8d48988d110941735,Vapiano,44 S Wabash Ave,60603,Chicago,41.880962,-87.62637,Millennium Park,41.882626771768955,-87.62333556490987
38,4b2bedd4f964a520e6bd24e3,8.1,German Restaurants,4bf58dd8d48988d10d941735,The Berghoff Restaurant,17 W Adams St,60603,Chicago,41.879334126547164,-87.62836809709047,Millennium Park,41.882626771768955,-87.62333556490987
39,4a46ae08f964a5204aa91fe3,7.3,Irish Pubs,52e81612bcbc57f1066b7a06,Emerald Loop Bar & Grill,216 N Wabash Ave,60601,Chicago,41.886732675030245,-87.62643949977688,Millennium Park,41.882626771768955,-87.62333556490987
40,572b8d68498e7c58aab2542f,7.5,Taco Places,4bf58dd8d48988d151941735,Broken English Taco Pub,75 E Lake St,60601,Chicago,41.88573852522853,-87.62489699000825,Millennium Park,41.882626771768955,-87.62333556490987
41,54e4e27e498e2dc6fb6fa4f0,6.9,Coffee Shops,4bf58dd8d48988d1e0931735,Two Zero Three,"203 N. Wabash, Chicago",60601,Chicago,41.88583793473365,-87.62633494772837,Millennium Park,41.882626771768955,-87.62333556490987
42,5a43fb90898bdc16c171d6cb,8.3,Donut Shops,4bf58dd8d48988d148941735,Stan’s Donuts,181 N. Michigan Ave,60601,Chicago,41.88537128151265,-87.62451561671243,Millennium Park,41.882626771768955,-87.62333556490987
43,5633effc498e7c921879ac67,7.6,Food Courts,4bf58dd8d48988d120951735,Latinicity,108 N State St Fl 3,60602,Chicago,41.8841166575084,-87.62887765298707,Millennium Park,41.882626771768955,-87.62333556490987
44,4a4bd457f964a520c7ac1fe3,7.9,Hotels,4bf58dd8d48988d1fa931735,Swissôtel,323 East Upper Wacker Drive,60601,Chicago,41.887325998397664,-87.61940169692423,Millennium Park,41.882626771768955,-87.62333556490987
45,4fb6627be4b06b62455ed5d1,7.5,Coffee Shops,4bf58dd8d48988d1e0931735,Starbucks,200 S Michigan Ave,60604,Chicago,41.87939696,-87.62458551,Millennium Park,41.882626771768955,-87.62333556490987
46,4ae4fa72f964a520e29f21e3,8.4,Steakhouses,4bf58dd8d48988d1cc941735,Smith & Wollensky,318 N State St,60654,Chicago,41.88757950530234,-87.62824328593362,Millennium Park,41.882626771768955,-87.62333556490987
47,50ca02c7245f2d4aa8c2cbd3,6.4,New American Restaurants,4bf58dd8d48988d157941735,Lockwood Restaurant and Bar,17 E Monroe St,60603,Chicago,41.88058237559466,-87.62695489638892,Millennium Park,41.882626771768955,-87.62333556490987
48,4b54f453f964a52008d527e3,8.2,Sandwich Places,4bf58dd8d48988d1c5941735,Potbelly Sandwich Shop,190 N State St,60601,Chicago,41.88561,-87.628209,Millennium Park,41.882626771768955,-87.62333556490987
49,57d83702498e3ec7823c60e8,8.9,Sandwich Places,4bf58dd8d48988d1c5941735,Pret A Manger,"108 N. State Street, Pedway Level",60602,Chicago,41.8838722611314,-87.62865218958073,Millennium Park,41.882626771768955,-87.62333556490987
50,4fb6627be4b06b62455ed5d1,7.5,Coffee Shops,4bf58dd8d48988d1e0931735,Starbucks,200 S Michigan Ave,60604,Chicago,41.87939696,-87.62458551,The Art Institute of Chicago,41.87960909496142,-87.62357176020703
51,4e879cdc93adfd051d6d609e,9.0,Breakfast Spots,4bf58dd8d48988d143941735,Wildberry Pancakes & Cafe,130 E Randolph St,60601,Chicago,41.884412453490874,-87.62304697069013,The Art Institute of Chicago,41.87960909496142,-87.62357176020703
52,4b1fbb09f964a520862824e3,7.8,Bakeries,4bf58dd8d48988d16a941735,Corner Bakery Cafe,224 S Michigan Ave,60604,Chicago,41.878402,-87.624681,The Art Institute of Chicago,41.87960909496142,-87.62357176020703
53,49d8159cf964a520a05d1fe3,8.2,Pubs,4bf58dd8d48988d11b941735,Miller's Pub,134 S Wabash Ave,60603,Chicago,41.87980606438684,-87.62596591869482,The Art Institute of Chicago,41.87960909496142,-87.62357176020703
54,49e749fbf964a52086641fe3,8.9,Gastropubs,4bf58dd8d48988d155941735,The Gage,24 S Michigan Ave,60603,Chicago,41.88120182139492,-87.62448118100146,The Art Institute of Chicago,41.87960909496142,-87.62357176020703
55,4aea192af964a5204fb921e3,5.5,Fast Food Restaurants,4bf58dd8d48988d16e941735,McDonald's,144 S Wabash Ave,60603,Chicago,41.879655307024464,-87.62640126275903,The Art Institute of Chicago,41.87960909496142,-87.62357176020703
56,556509d6498e726bdec19fe9,8.4,Burger Joints,4bf58dd8d48988d16c941735,Shake Shack,12 S Michigan Ave,60603,Chicago,41.881672517022395,-87.62445548060445,The Art Institute of Chicago,41.87960909496142,-87.62357176020703
57,49d81b0ff964a520aa5d1fe3,7.4,Coffee Shops,4bf58dd8d48988d1e0931735,Starbucks,55 East Jackson Blvd.,60604,Chicago,41.87810381,-87.62587548,The Art Institute of Chicago,41.87960909496142,-87.62357176020703
58,553977b7498eb9779dcb0592,8.6,Cafés,4bf58dd8d48988d16d941735,Goddess and The Baker,33 S Wabash Ave,60603,Chicago,41.8813047949221,-87.62611682811053,The Art Institute of Chicago,41.87960909496142,-87.62357176020703
59,4bfbddf3565f76b0610d06db,6.1,Fast Food Restaurants,4bf58dd8d48988d16e941735,Burger King,151 E Randolph St,60601,Chicago,41.88486425269765,-87.62406359622571,The Art Institute of Chicago,41.87960909496142,-87.62357176020703
60,4b044119f964a520945222e3,6.2,Food Courts,4bf58dd8d48988d120951735,Urban Market,10 S Dearborn St,60603,Chicago,41.88096348625979,-87.63002614241205,The Art Institute of Chicago,41.87960909496142,-87.62357176020703
61,4ed3dd7e93ad987b5112d29f,8.2,Bakeries,4bf58dd8d48988d16a941735,Panera Bread,2 N Michigan Ave,60602,Chicago,41.882273,-87.624795,The Art Institute of Chicago,41.87960909496142,-87.62357176020703
62,4b182fd6f964a52089ce23e3,8.0,Coffee Shops,4bf58dd8d48988d1e0931735,Starbucks,70 W Madison St,60602,Chicago,41.88214,-87.63052,The Art Institute of Chicago,41.87960909496142,-87.62357176020703
63,55669b9b498ee34e5249ea61,9.2,New American Restaurants,4bf58dd8d48988d157941735,Cindy's,12 S Michigan Ave,60603,Chicago,41.88169538551873,-87.62460021795313,The Art Institute of Chicago,41.87960909496142,-87.62357176020703
64,4c2b8f18ae6820a188021843,8.1,Coffee Shops,4bf58dd8d48988d1e0931735,Starbucks,131 South State,60603,Chicago,41.87958598,-87.6278888,The Art Institute of Chicago,41.87960909496142,-87.62357176020703
65,4e56e50352b1d8d4e311da9e,8.7,Bakeries,4bf58dd8d48988d16a941735,Toni Patisserie & Café,65 E Washington St,60602,Chicago,41.88323731071309,-87.62536236548584,The Art Institute of Chicago,41.87960909496142,-87.62357176020703
66,4ad3b624f964a520d9e520e3,7.1,Mexican Restaurants,4bf58dd8d48988d1c1941735,Chipotle Mexican Grill,8 E Madison St,60602,Chicago,41.8822769494024,-87.62712131212254,The Art Institute of Chicago,41.87960909496142,-87.62357176020703
67,4b969aa8f964a52006d834e3,8.0,Coffee Shops,4bf58dd8d48988d1e0931735,Starbucks,25 E Washington Blvd,60602,Chicago,41.88335,-87.627362,The Art Institute of Chicago,41.87960909496142,-87.62357176020703
68,4b1c7145f964a520660724e3,7.7,Coffee Shops,4bf58dd8d48988d1e0931735,Starbucks,151 N. Michigan Ave.,60601,Chicago,41.88512003,-87.62410552,The Art Institute of Chicago,41.87960909496142,-87.62357176020703
69,50ca02c7245f2d4aa8c2cbd3,6.4,New American Restaurants,4bf58dd8d48988d157941735,Lockwood Restaurant and Bar,17 E Monroe St,60603,Chicago,41.88058237559466,-87.62695489638892,The Art Institute of Chicago,41.87960909496142,-87.62357176020703
70,4b2bedd4f964a520e6bd24e3,8.1,German Restaurants,4bf58dd8d48988d10d941735,The Berghoff Restaurant,17 W Adams St,60603,Chicago,41.879334126547164,-87.62836809709047,The Art Institute of Chicago,41.87960909496142,-87.62357176020703
71,556b5527498e3bb54be5ff78,9.0,American Restaurants,4bf58dd8d48988d14e941735,Cherry Circle Room,12 S Michigan Ave,60603,Chicago,41.88199386897253,-87.62504971026537,The Art Institute of Chicago,41.87960909496142,-87.62357176020703
72,4ab3e43cf964a520f76e20e3,7.2,Mexican Restaurants,4bf58dd8d48988d1c1941735,Chipotle Mexican Grill,10 E Jackson Blvd,60604,Chicago,41.87833440877127,-87.6272176039846,The Art Institute of Chicago,41.87960909496142,-87.62357176020703
73,520d61de498e45c732e26e4a,8.3,Italian Restaurants,4bf58dd8d48988d110941735,Vapiano,44 S Wabash Ave,60603,Chicago,41.880962,-87.62637,The Art Institute of Chicago,41.87960909496142,-87.62357176020703
74,4a189b92f964a520d0791fe3,8.8,Pizza Places,4bf58dd8d48988d1ca941735,Giordano's,130 E Randolph St,60601,Chicago,41.8851301,-87.6237612,The Art Institute of Chicago,41.87960909496142,-87.62357176020703
75,4a9fec80f964a520923d20e3,7.2,Coffee Shops,4bf58dd8d48988d1e0931735,Starbucks,200 East Randolph St,60601,Chicago,41.88481706,-87.61980768,The Art Institute of Chicago,41.87960909496142,-87.62357176020703
76,4ab2cc1ff964a5206d6c20e3,8.4,Vegetarian / Vegan Restaurants,4bf58dd8d48988d1d3941735,Flat Top Grill,30 S Wabash Ave,60603,Chicago,41.88113043122523,-87.62638449668884,The Art Institute of Chicago,41.87960909496142,-87.62357176020703
77,4b1d4b87f964a5205a0e24e3,6.1,Restaurants,4bf58dd8d48988d1c4941735,Market Creations,130 E Randolph St,60601,Chicago,41.88469159793658,-87.62370857374096,The Art Institute of Chicago,41.87960909496142,-87.62357176020703
78,4a63b5c3f964a5209fc51fe3,7.9,Pizza Places,4bf58dd8d48988d1ca941735,Pizano's Pizza,61 E Madison St.,60603,Chicago,41.88203067877805,-87.62564191295317,The Art Institute of Chicago,41.87960909496142,-87.62357176020703
79,59ea2c436e46507344ca1aae,9.2,Salad Places,4bf58dd8d48988d1bd941735,sweetgreen,150 N Michigan Ave,60601,Chicago,41.8849641,-87.6247284,The Art Institute of Chicago,41.87960909496142,-87.62357176020703
80,593ec2950a464d2a57edaf0f,8.7,Salad Places,4bf58dd8d48988d1bd941735,sweetgreen,1 North Dearborn Street,60602,Chicago,41.8822714,-87.629236,The Art Institute of Chicago,41.87960909496142,-87.62357176020703
81,4aba6980f964a520368120e3,8.9,Cuban Restaurants,4bf58dd8d48988d154941735,Cafecito,26 E Congress Pkwy,60605,Chicago,41.87572380188488,-87.62638570202324,The Art Institute of Chicago,41.87960909496142,-87.62357176020703
82,5652164f498e36174c80c9d5,8.5,African Restaurants,4bf58dd8d48988d1c8941735,Nando's Peri-Peri,22 S Wabash Ave,60603,Chicago,41.88132517058762,-87.62610609482775,The Art Institute of Chicago,41.87960909496142,-87.62357176020703
83,4e73881c922e0a374024c7b8,7.8,Coffee Shops,4bf58dd8d48988d1e0931735,Starbucks,8 N. Michigan Avenue,60602,Chicago,41.88247774,-87.62470103,The Art Institute of Chicago,41.87960909496142,-87.62357176020703
84,54626978498e94400ce0bcfc,8.7,Snack Places,4bf58dd8d48988d1c7941735,Garrett Popcorn Shops - Millennium Park Plaza,151 N Michigan Ave,60601,Chicago,41.88485432912304,-87.62449889209589,The Art Institute of Chicago,41.87960909496142,-87.62357176020703
85,3fd66200f964a520c7f01ee3,8.0,New American Restaurants,4bf58dd8d48988d157941735,Atwood,1 W Washington St,60602,Chicago,41.88320484715686,-87.62819133764489,The Art Institute of Chicago,41.87960909496142,-87.62357176020703
86,551192b1498e8695352d33e6,8.1,American Restaurants,4bf58dd8d48988d14e941735,Remington's,20 N Michigan Ave,60602,Chicago,41.88262817996864,-87.6246078982256,The Art Institute of Chicago,41.87960909496142,-87.62357176020703
87,54060b96498ed2702c0632f7,8.6,Coffee Shops,4bf58dd8d48988d1e0931735,Peet's Coffee & Tea,"20 North Michigan Ave.,",60602,Chicago,41.882467,-87.624686,The Art Institute of Chicago,41.87960909496142,-87.62357176020703
88,5751af74cd102f915c2cb3de,9.0,Food Courts,4bf58dd8d48988d120951735,Revival Food Hall,125 S Clark St,60603,Chicago,41.87956,-87.63055,The Art Institute of Chicago,41.87960909496142,-87.62357176020703
89,57693f2b498e2878c657453d,7.6,Coffee Shops,4bf58dd8d48988d1e0931735,Dollop Coffee & Tea,55 W Monroe St,60603,Chicago,41.88094589993328,-87.62970504510251,The Art Institute of Chicago,41.87960909496142,-87.62357176020703
90,4b215953f964a520843a24e3,6.4,Italian Restaurants,4bf58dd8d48988d110941735,Sopraffina,200 E Randolph,60601,Chicago,41.88476886982222,-87.62153948006629,The Art Institute of Chicago,41.87960909496142,-87.62357176020703
91,49d51ce3f964a520675c1fe3,8.8,Coffee Shops,4bf58dd8d48988d1e0931735,Intelligentsia Coffee,53 W Jackson Blvd,60604,Chicago,41.87809169951115,-87.62961497685731,The Art Institute of Chicago,41.87960909496142,-87.62357176020703
92,4a5bc165f964a520b9bb1fe3,9.2,Coffee Shops,4bf58dd8d48988d1e0931735,Intelligentsia Coffee,53 E Randolph St,60601,Chicago,41.88451693392431,-87.62578251254217,The Art Institute of Chicago,41.87960909496142,-87.62357176020703
93,4b7c5db2f964a520038f2fe3,6.1,Fast Food Restaurants,4bf58dd8d48988d16e941735,McDonald's,23 S Clark St,60603,Chicago,41.880939,-87.6305628,The Art Institute of Chicago,41.87960909496142,-87.62357176020703
94,5396301d498e2660782b078a,8.7,Coffee Shops,4bf58dd8d48988d1e0931735,Dollop Coffee & Tea,343 S Dearborn St,60604,Chicago,41.87692470762472,-87.62886354493715,The Art Institute of Chicago,41.87960909496142,-87.62357176020703
95,4e667204091afcffda218e18,8.6,Bakeries,4bf58dd8d48988d16a941735,Magnolia Bakery,108 N State St,60602,Chicago,41.88418724189101,-87.62807811436072,The Art Institute of Chicago,41.87960909496142,-87.62357176020703
96,4b4388d5f964a520a3e225e3,8.6,Sandwich Places,4bf58dd8d48988d1c5941735,Potbelly Sandwich Shop,55 W Monroe St,60603,Chicago,41.880267,-87.62962,The Art Institute of Chicago,41.87960909496142,-87.62357176020703
97,4a341c58f964a520c19b1fe3,8.2,Tea Rooms,4bf58dd8d48988d1dc931735,Argo Tea,16 W Randolph St,60601,Chicago,41.88448642718205,-87.62841459966667,The Art Institute of Chicago,41.87960909496142,-87.62357176020703
98,54919007498e847c5398e995,7.8,Juice Bars,4bf58dd8d48988d112941735,Protein Bar & Kitchen,151 N Michigan Ave,60601,Chicago,41.885002,-87.624188,The Art Institute of Chicago,41.87960909496142,-87.62357176020703
99,4b83f6b5f964a520ab1831e3,7.4,Donut Shops,4bf58dd8d48988d148941735,Dunkin',39 W Jackson Blvd,60604,Chicago,41.87802405366788,-87.62910124854324,The Art Institute of Chicago,41.87960909496142,-87.62357176020703
100,4eae15817beb1696036b7a10,6.5,Chinese Restaurants,4bf58dd8d48988d145941735,Wow Bao,46 E. Chicago,60611,Chicago,41.872638884280555,-87.61831251074926,Grant Park,41.8766257847394,-87.61926269478862
101,4ac7958cf964a52036b820e3,8.3,Italian Restaurants,4bf58dd8d48988d110941735,Terzo Piano,159 E Monroe St,60603,Chicago,41.88044303189611,-87.62243135845135,Grant Park,41.8766257847394,-87.61926269478862
102,53989f07498e9758d6b73498,6.6,Mediterranean Restaurants,4bf58dd8d48988d1c0941735,IDOF,19 N Wells St,60606,Chicago,41.87834742209703,-87.62599837235574,Grant Park,41.8766257847394,-87.61926269478862
103,49d81b0ff964a520aa5d1fe3,7.4,Coffee Shops,4bf58dd8d48988d1e0931735,Starbucks,55 East Jackson Blvd.,60604,Chicago,41.87810381,-87.62587548,Grant Park,41.8766257847394,-87.61926269478862
104,4b31254ef964a520160125e3,5.9,Sushi Restaurants,4bf58dd8d48988d1d2941735,Tokyo Lunch Box & Catering,60 E Jackson Blvd,60604,Chicago,41.878314160369804,-87.62578684971886,Grant Park,41.8766257847394,-87.61926269478862
105,4d7e70c89df3f04dc97bc494,7.6,Mediterranean Restaurants,4bf58dd8d48988d1c0941735,I Dream of Falafel,60 E Jackson Blvd Ste B,60604,Chicago,41.878296762561,-87.62579706640437,Grant Park,41.8766257847394,-87.61926269478862
106,4b5708f9f964a520c02328e3,8.4,Donut Shops,4bf58dd8d48988d148941735,Dunkin',406 S Michigan Ave,60605,Chicago,41.87676756145688,-87.62457519753178,Grant Park,41.8766257847394,-87.61926269478862
107,5a3ac170c0f163350507783b,7.0,Mediterranean Restaurants,4bf58dd8d48988d1c0941735,Roti Modern Mediterranean,55 E Jackson Blvd,60604,Chicago,41.878096932994694,-87.6253867149353,Grant Park,41.8766257847394,-87.61926269478862
108,578f8834498e91c62751e856,7.7,Dessert Shops,4bf58dd8d48988d1d0941735,Sugar Bliss Patisserie,122 South Wabash Avenue,60603,Chicago,41.880233024817485,-87.62596041900962,Grant Park,41.8766257847394,-87.61926269478862
109,55c90734498e3dcf99899afe,7.1,Cafés,4bf58dd8d48988d16d941735,Bow Truss Coffee Roasters,73 E Jackson blvd,60603,Chicago,41.87818073393194,-87.62493069632501,Grant Park,41.8766257847394,-87.61926269478862
110,58a3360a3493553f56f942a7,7.6,Restaurants,4bf58dd8d48988d1c4941735,Luna Cafe Restaurant,63 E Harrison St,60605,Chicago,41.874670691907355,-87.62552529638134,Grant Park,41.8766257847394,-87.61926269478862
111,4bc7541c15a7ef3b672f79da,8.6,Sushi Restaurants,4bf58dd8d48988d1d2941735,Osaka Sushi Express & Fresh Fruit Smoothies,400 S Michigan Ave,60605,Chicago,41.876968875443474,-87.62453389220651,Grant Park,41.8766257847394,-87.61926269478862
112,4de69b012271d1d113e3d3eb,7.6,Spanish Restaurants,4bf58dd8d48988d150941735,Bodega N. 5 (at Mercat a la Planxa),636 S Michigan Ave,60605,Chicago,41.87320906958125,-87.62448600118283,Grant Park,41.8766257847394,-87.61926269478862
113,4bbfb622461576b0ea0d7932,7.6,Coffee Shops,4bf58dd8d48988d1e0931735,Members' Lounge,111 S Michigan Ave,60603,Chicago,41.879596012034284,-87.62187551867191,Grant Park,41.8766257847394,-87.61926269478862
114,5112981fe4b0752e32d37a90,8.2,Pizza Places,4bf58dd8d48988d1ca941735,Fontano's Pizza and Subs,332 S Michigan Ave,60604,Chicago,41.877156696359314,-87.62434778730506,Grant Park,41.8766257847394,-87.61926269478862
115,49d8159cf964a520a05d1fe3,8.2,Pubs,4bf58dd8d48988d11b941735,Miller's Pub,134 S Wabash Ave,60603,Chicago,41.87980606438684,-87.62596591869482,Grant Park,41.8766257847394,-87.61926269478862
116,4bf94f68508c0f47b6373f31,6.4,Coffee Shops,4bf58dd8d48988d1e0931735,Starbucks,720 S Michigan Ave,60605,Chicago,41.87286201469223,-87.62447314737148,Grant Park,41.8766257847394,-87.61926269478862
117,4b5078d8f964a520622427e3,6.6,Donut Shops,4bf58dd8d48988d148941735,Dunkin',62 E Jackson Blvd,60604,Chicago,41.878379375865094,-87.62546599538632,Grant Park,41.8766257847394,-87.61926269478862
118,4e2b7d4c6284b96d7b856f22,8.2,Sandwich Places,4bf58dd8d48988d1c5941735,Potbelly Sandwich Shop,"200 S Michigan Avenue, Ste 140",60604,Chicago,41.879229,-87.624622,Grant Park,41.8766257847394,-87.61926269478862
119,505904f4e4b05af93eb470c6,7.6,Italian Restaurants,4bf58dd8d48988d110941735,Tesori,65 E Adams St,60603,Chicago,41.8793345,-87.6254271,Grant Park,41.8766257847394,-87.61926269478862
120,4b5ee590f964a520e99c29e3,7.5,Russian Restaurants,5293a7563cf9994f4e043a44,Russian Tea Time,77 E Adams St,60603,Chicago,41.879587803342204,-87.62505507506901,Grant Park,41.8766257847394,-87.61926269478862
121,4a7b9022f964a52069eb1fe3,8.3,Tapas Restaurants,4bf58dd8d48988d1db931735,Mercat a la Planxa,638 S Michigan Ave,60605,Chicago,41.873212009842334,-87.62448108575718,Grant Park,41.8766257847394,-87.61926269478862
122,4a6a7150f964a52077cd1fe3,5.7,Thai Restaurants,4bf58dd8d48988d149941735,Thai Spoon,601 S Wabash Ave,60605,Chicago,41.874331067704134,-87.62584003294245,Grant Park,41.8766257847394,-87.61926269478862
123,40b28c80f964a52037fb1ee3,7.6,Pubs,4bf58dd8d48988d11b941735,Exchequer Restaurant & Pub,226 S Wabash Ave,60604,Chicago,41.87881928744278,-87.62598621466157,Grant Park,41.8766257847394,-87.61926269478862
124,4bf4181e98ac0f47aa9263a8,5.8,Sandwich Places,4bf58dd8d48988d1c5941735,Subway,60 E Jackson Blvd,60604,Chicago,41.87832905625905,-87.62582045243168,Grant Park,41.8766257847394,-87.61926269478862
125,4fb6627be4b06b62455ed5d1,7.5,Coffee Shops,4bf58dd8d48988d1e0931735,Starbucks,200 S Michigan Ave,60604,Chicago,41.87939696,-87.62458551,Grant Park,41.8766257847394,-87.61926269478862
126,50ca02c5245f2d4aa8c2c579,7.8,Hotel Bars,4bf58dd8d48988d1d5941735,720 South Bar & Grill,720 S Michigan Ave,60605,Chicago,41.87291638368289,-87.6243502238978,Grant Park,41.8766257847394,-87.61926269478862
127,4ac362a0f964a5203e9b20e3,7.2,Sandwich Places,4bf58dd8d48988d1c5941735,Potbelly Sandwich Shop,55 E Jackson Blvd,60604,Chicago,41.877862,-87.625823,Grant Park,41.8766257847394,-87.61926269478862
128,5398b267498e07c1344e362e,7.0,Hot Dog Joints,4bf58dd8d48988d16f941735,Al's Beef,601 W Adams St,60661,Chicago,41.87839594445686,-87.62598477019964,Grant Park,41.8766257847394,-87.61926269478862
129,4af07318f964a5202cdc21e3,6.2,Chinese Restaurants,4bf58dd8d48988d145941735,Panda Express,77 E Adams St,60603,Chicago,41.87955683321816,-87.62485553724865,Grant Park,41.8766257847394,-87.61926269478862
130,4b1fbb09f964a520862824e3,7.8,Bakeries,4bf58dd8d48988d16a941735,Corner Bakery Cafe,224 S Michigan Ave,60604,Chicago,41.878402,-87.624681,Grant Park,41.8766257847394,-87.61926269478862
131,53fa16b0498e7b0959c685a7,7.2,Vegetarian / Vegan Restaurants,4bf58dd8d48988d1d3941735,Beezzee,424 S Wabash Ave,60605,Chicago,41.87614287327688,-87.62601574764521,Grant Park,41.8766257847394,-87.61926269478862
132,56f80be2cd104c9189b44b4c,7.9,Cafés,4bf58dd8d48988d16d941735,Art Institute Museum Cafe,111 S Michigan Ave,60603,Chicago,41.87961122566739,-87.62184954164597,Grant Park,41.8766257847394,-87.61926269478862
133,43373a00f964a52026281fe3,7.4,Sandwich Places,4bf58dd8d48988d1c5941735,Cosi,116 S Michigan Ave,60603,Chicago,41.8802036465817,-87.62452161913116,Grant Park,41.8766257847394,-87.61926269478862
134,4d408eefaae1b1f7e6fd87f5,7.7,Cafés,4bf58dd8d48988d16d941735,Caffè Moderno,Art Institute - The Modern Wing,60603,Chicago,41.87988017397209,-87.62211140514324,Grant Park,41.8766257847394,-87.61926269478862
135,4bf8755d4a67c928ba7c25cf,5.7,American Restaurants,4bf58dd8d48988d14e941735,O'Briens Riverwalk Cafe,45 E Riverwalk S,60601,Chicago,41.88822802610438,-87.62666493637745,Chicago Riverwalk,41.88728,-87.627217
136,51c308c7498e369787203cfe,8.4,Fast Food Restaurants,4bf58dd8d48988d16e941735,Chick-fil-A,"177 N State St, Suite 1A",60601,Chicago,41.885609,-87.627665,Chicago Riverwalk,41.88728,-87.627217
137,59b2ae519be5223cd08a8955,7.9,Restaurants,4bf58dd8d48988d1c4941735,Land & Lake Kitchen,81 E Wacker Pl,60601,Chicago,41.887882,-87.62557,Chicago Riverwalk,41.88728,-87.627217
138,5d168f8794dd8b0023220b09,7.9,Italian Restaurants,4bf58dd8d48988d110941735,Pizzeria Portofino,317 North Clark Street,60654,Chicago,41.88810153938247,-87.63064384460449,Chicago Riverwalk,41.88728,-87.627217
139,573d1c11498e2f1430925a2a,8.8,New American Restaurants,4bf58dd8d48988d157941735,Beacon Tavern,405 N Wabash Ave,60611,Chicago,41.88931907656569,-87.62610733957459,Chicago Riverwalk,41.88728,-87.627217
140,59aed71ed552c7632d13c4ee,7.8,African Restaurants,4bf58dd8d48988d1c8941735,Nando's Peri-Peri,117 E Lake St,60601,Chicago,41.88569436185178,-87.624279366855,Chicago Riverwalk,41.88728,-87.627217
141,51e43894498e6dfbd17d7523,8.7,Middle Eastern Restaurants,4bf58dd8d48988d115941735,Naf Naf Grill,326 N Michigan Ave,60601,Chicago,41.887618417448806,-87.62450537999509,Chicago Riverwalk,41.88728,-87.627217
142,4ac91938f964a5209abe20e3,8.2,American Restaurants,4bf58dd8d48988d14e941735,Sweetwater Tavern & Grille,225 N Michigan Ave,60601,Chicago,41.88640478842735,-87.62440762332034,Chicago Riverwalk,41.88728,-87.627217
143,4b10054af964a520946723e3,7.5,Coffee Shops,4bf58dd8d48988d1e0931735,Starbucks,40 W Lake Street,60601,Chicago,41.885902,-87.62886,Chicago Riverwalk,41.88728,-87.627217
144,54c65fa2498edf6cf29df04d,8.0,Coffee Shops,4bf58dd8d48988d1e0931735,Peet's Coffee & Tea,400 N Michigan Ave,60611,Chicago,41.88953302621039,-87.62496299800276,Chicago Riverwalk,41.88728,-87.627217
145,50f58653e4b0e1058164dc7e,8.9,Italian Restaurants,4bf58dd8d48988d110941735,Siena Tavern,51 West Kinzie Street,60654,Chicago,41.889173329923125,-87.62971857956552,Chicago Riverwalk,41.88728,-87.627217
146,4b40d131f964a52088bb25e3,7.1,Coffee Shops,4bf58dd8d48988d1e0931735,Starbucks,200 N Michigan Ave,60601,Chicago,41.88594506102927,-87.62480898377109,Chicago Riverwalk,41.88728,-87.627217
147,592f142acf72a063b395cb43,7.2,Cafés,4bf58dd8d48988d16d941735,Nutella Cafe,189 N Michigan Avenue,60601,Chicago,41.88559525878139,-87.62447569769371,Chicago Riverwalk,41.88728,-87.627217
148,4a97efb8f964a520ed2920e3,7.4,Coffee Shops,4bf58dd8d48988d1e0931735,Starbucks,505 N Michigan Ave,60611,Chicago,41.891396,-87.623865,Chicago Riverwalk,41.88728,-87.627217
149,4aac1313f964a520175c20e3,8.0,Burger Joints,4bf58dd8d48988d16c941735,Billy Goat Tavern,430 N Michigan Ave,60611,Chicago,41.8903697,-87.6244233,Chicago Riverwalk,41.88728,-87.627217
150,5441bc8b498e70910fa11726,8.8,American Restaurants,4bf58dd8d48988d14e941735,The Kitchen,316 N Clark St,60654,Chicago,41.887871,-87.63123399999999,Chicago Riverwalk,41.88728,-87.627217
151,4c924f7f238c6dcb6467c755,8.8,Steakhouses,4bf58dd8d48988d1cc941735,Chicago Cut Steakhouse,300 N LaSalle Dr,60654,Chicago,41.88797208145695,-87.63290941161584,Chicago Riverwalk,41.88728,-87.627217
152,59ea2c436e46507344ca1aae,9.2,Salad Places,4bf58dd8d48988d1bd941735,sweetgreen,150 N Michigan Ave,60601,Chicago,41.8849641,-87.6247284,Chicago Riverwalk,41.88728,-87.627217
153,4b0b40cef964a5207a2f23e3,8.1,Coffee Shops,4bf58dd8d48988d1e0931735,Starbucks,444 N Michigan Ave,60611,Chicago,41.89059367,-87.62427487,Chicago Riverwalk,41.88728,-87.627217
154,4a5bc165f964a520b9bb1fe3,9.2,Coffee Shops,4bf58dd8d48988d1e0931735,Intelligentsia Coffee,53 E Randolph St,60601,Chicago,41.88451693392431,-87.62578251254217,Chicago Riverwalk,41.88728,-87.627217
155,55920187498ecdbb2b627305,9.4,Chocolate Shops,52f2ab2ebcbc57f1066b8b31,Ghirardelli Ice Cream And Chocolate Shop - Wrigley,400 N Michigan Ave,60611,Chicago,41.889229815922526,-87.62448692774466,Chicago Riverwalk,41.88728,-87.627217
156,57bb7701498eb5ac6831ec93,8.5,Coffee Shops,4bf58dd8d48988d1e0931735,Goddess and the Baker,225 N Lasalle St,60601,Chicago,41.88710835679483,-87.63227770968568,Chicago Riverwalk,41.88728,-87.627217
157,4e667204091afcffda218e18,8.6,Bakeries,4bf58dd8d48988d16a941735,Magnolia Bakery,108 N State St,60602,Chicago,41.88418724189101,-87.62807811436072,Chicago Riverwalk,41.88728,-87.627217
158,4a189b92f964a520d0791fe3,8.8,Pizza Places,4bf58dd8d48988d1ca941735,Giordano's,130 E Randolph St,60601,Chicago,41.8851301,-87.6237612,Chicago Riverwalk,41.88728,-87.627217
159,5c096c0dd1a402002c127988,8.3,Pizza Places,4bf58dd8d48988d1ca941735,Parlor Pizza Bar,405 N Dearborn,60654,Chicago,41.889403,-87.629325,Chicago Riverwalk,41.88728,-87.627217
160,5ade3d7b2f97ec47ca9a4142,8.5,General Entertainment,4bf58dd8d48988d1f1931735,Flight Club Social Darts,111 W Wacker Dr,60601,Chicago,41.88689114366546,-87.63106679554905,Chicago Riverwalk,41.88728,-87.627217
161,5a43fb90898bdc16c171d6cb,8.3,Donut Shops,4bf58dd8d48988d148941735,Stan’s Donuts,181 N. Michigan Ave,60601,Chicago,41.88537128151265,-87.62451561671243,Chicago Riverwalk,41.88728,-87.627217
162,4e4d56e822717c65aca7fab1,8.3,Steakhouses,4bf58dd8d48988d1cc941735,Michael Jordan's Steak House Chicago,505 N Michigan Ave,60611,Chicago,41.891136984404106,-87.62415328505517,Chicago Riverwalk,41.88728,-87.627217
163,5972a0ab4b78c50ff3f784c3,8.0,Bars,4bf58dd8d48988d116941735,Barrio,65 West Kinzie Street,60654,Chicago,41.88923982571762,-87.63084850178384,Chicago Riverwalk,41.88728,-87.627217
164,528cdcfd11d2cbb79f3f6ae5,9.1,Gourmet Shops,4bf58dd8d48988d1f5941735,Eataly,43 E Ohio St,60611,Chicago,41.892389539353566,-87.6264576067756,Chicago Riverwalk,41.88728,-87.627217
165,40b28c80f964a520c7fb1ee3,8.0,Breweries,50327c8591d4c4b30a586d5d,Rock Bottom Restaurant & Brewery,1 W Grand Ave,60654,Chicago,41.8915042,-87.6283725,Chicago Riverwalk,41.88728,-87.627217
166,4a2ae23af964a52064961fe3,9.4,Seafood Restaurants,4bf58dd8d48988d1ce941735,"Joe's Seafood, Prime Steak & Stone Crab",60 E Grand Ave,60611,Chicago,41.891827934799345,-87.62544444279393,Chicago Riverwalk,41.88728,-87.627217
167,51b0b828498ecb8d51e396ea,9.0,New American Restaurants,4bf58dd8d48988d157941735,Beatrix,519 N Clark St,60654,Chicago,41.89148026650749,-87.63087360767099,Chicago Riverwalk,41.88728,-87.627217
168,577563d5498e8d2eb29bd25d,8.8,Mediterranean Restaurants,4bf58dd8d48988d1c0941735,Ema,74 W. Illinois St.,60654,Chicago,41.89091768250545,-87.63095663368316,Chicago Riverwalk,41.88728,-87.627217
169,536f0074498e444ed7877dc6,8.8,Noodle Houses,4bf58dd8d48988d1d1941735,Ramen-San,59 W Hubbard St,60654,Chicago,41.89001461177867,-87.63041746580278,Chicago Riverwalk,41.88728,-87.627217
170,5755b556498ea375c5d4baac,9.0,Gastropubs,4bf58dd8d48988d155941735,The Dearborn,145 N Dearborn St,60602,Chicago,41.88441496734612,-87.6295536667491,Chicago Riverwalk,41.88728,-87.627217
171,522fdf320493d5258ca1f8b0,8.7,Burger Joints,4bf58dd8d48988d16c941735,Shake Shack,66 E Ohio St,60611,Chicago,41.89256120466481,-87.62564580053429,Chicago Riverwalk,41.88728,-87.627217
172,51f7183b8bbdc6a6ae21592e,8.7,Tiki Bars,56aa371be4b08b9a8d57354d,Three Dots and a Dash,435 N Clark St,60654,Chicago,41.89027,-87.63069,Chicago Riverwalk,41.88728,-87.627217
173,4b82eaa6f964a52008ed30e3,8.0,Coffee Shops,4bf58dd8d48988d1e0931735,Starbucks,180 N La Salle St,60601,Chicago,41.88560172,-87.63265151,Chicago Riverwalk,41.88728,-87.627217
174,51094b2ce4b04df5935bccba,9.2,Donut Shops,4bf58dd8d48988d148941735,Firecakes Donuts,68 W Hubbard St,60654,Chicago,41.89000196526419,-87.63060477613422,Chicago Riverwalk,41.88728,-87.627217
175,53bdc413498e161627668129,8.8,Restaurants,4bf58dd8d48988d1c4941735,River Roast,315 N La Salle Dr,60654,Chicago,41.88722166383858,-87.63208666502986,Chicago Riverwalk,41.88728,-87.627217
176,4ad35fb9f964a52004e420e3,8.0,Pizza Places,4bf58dd8d48988d1ca941735,Uno Pizzeria & Grill - Chicago,29 E Ohio St,60611,Chicago,41.89247649120516,-87.62678891287916,Chicago Riverwalk,41.88728,-87.627217
177,4f1322f3e4b0725fed919ce7,9.1,Italian Restaurants,4bf58dd8d48988d110941735,RPM Italian,52 W Illinois St,60654,Chicago,41.89081532118322,-87.62975543356106,Chicago Riverwalk,41.88728,-87.627217
178,49cd0720f964a520aa591fe3,8.6,New American Restaurants,4bf58dd8d48988d157941735,HUB 51,51 W Hubbard St,60654,Chicago,41.88993046415249,-87.6298612617366,Chicago Riverwalk,41.88728,-87.627217
179,5633effc498e7c921879ac67,7.6,Food Courts,4bf58dd8d48988d120951735,Latinicity,108 N State St Fl 3,60602,Chicago,41.8841166575084,-87.62887765298707,Chicago Riverwalk,41.88728,-87.627217
180,4b9faddcf964a5202f3437e3,8.6,New American Restaurants,4bf58dd8d48988d157941735,Sable Kitchen & Bar,505 N State St,60654,Chicago,41.89110401329157,-87.62704763558196,Chicago Riverwalk,41.88728,-87.627217
181,4e879cdc93adfd051d6d609e,9.0,Breakfast Spots,4bf58dd8d48988d143941735,Wildberry Pancakes & Cafe,130 E Randolph St,60601,Chicago,41.884412453490874,-87.62304697069013,Chicago Riverwalk,41.88728,-87.627217
182,4c22665899282d7f411067b0,6.3,Food Courts,4bf58dd8d48988d120951735,Atrium Food Court,"100 W Randolph, Concourse",60601,Chicago,41.88516275046533,-87.63163902479333,Chicago Riverwalk,41.88728,-87.627217
183,573b2c3238faeff59fd2cc36,8.9,Cafés,4bf58dd8d48988d16d941735,Café Nordstrom,55 E Grand Ave,60611,Chicago,41.891382150034076,-87.62636035680771,Chicago Riverwalk,41.88728,-87.627217
184,4be304c3d27a20a1f801915b,6.8,Shopping Malls,4bf58dd8d48988d1fd941735,The Atrium at the Thompson Center,100 W Randolph St.,60601,Chicago,41.885014681092024,-87.63142364693333,Chicago Riverwalk,41.88728,-87.627217
185,4fb6627be4b06b62455ed5d1,7.5,Coffee Shops,4bf58dd8d48988d1e0931735,Starbucks,200 S Michigan Ave,60604,Chicago,41.87939696,-87.62458551,Symphony Center (Chicago Symphony Orchestra),41.87927535633318,-87.62468041570357
186,49d8159cf964a520a05d1fe3,8.2,Pubs,4bf58dd8d48988d11b941735,Miller's Pub,134 S Wabash Ave,60603,Chicago,41.87980606438684,-87.62596591869482,Symphony Center (Chicago Symphony Orchestra),41.87927535633318,-87.62468041570357
187,4aea192af964a5204fb921e3,5.5,Fast Food Restaurants,4bf58dd8d48988d16e941735,McDonald's,144 S Wabash Ave,60603,Chicago,41.879655307024464,-87.62640126275903,Symphony Center (Chicago Symphony Orchestra),41.87927535633318,-87.62468041570357
188,49d81b0ff964a520aa5d1fe3,7.4,Coffee Shops,4bf58dd8d48988d1e0931735,Starbucks,55 East Jackson Blvd.,60604,Chicago,41.87810381,-87.62587548,Symphony Center (Chicago Symphony Orchestra),41.87927535633318,-87.62468041570357
189,4b1fbb09f964a520862824e3,7.8,Bakeries,4bf58dd8d48988d16a941735,Corner Bakery Cafe,224 S Michigan Ave,60604,Chicago,41.878402,-87.624681,Symphony Center (Chicago Symphony Orchestra),41.87927535633318,-87.62468041570357
190,49e749fbf964a52086641fe3,8.9,Gastropubs,4bf58dd8d48988d155941735,The Gage,24 S Michigan Ave,60603,Chicago,41.88120182139492,-87.62448118100146,Symphony Center (Chicago Symphony Orchestra),41.87927535633318,-87.62468041570357
191,4ab3e43cf964a520f76e20e3,7.2,Mexican Restaurants,4bf58dd8d48988d1c1941735,Chipotle Mexican Grill,10 E Jackson Blvd,60604,Chicago,41.87833440877127,-87.6272176039846,Symphony Center (Chicago Symphony Orchestra),41.87927535633318,-87.62468041570357
192,50ca02c7245f2d4aa8c2cbd3,6.4,New American Restaurants,4bf58dd8d48988d157941735,Lockwood Restaurant and Bar,17 E Monroe St,60603,Chicago,41.88058237559466,-87.62695489638892,Symphony Center (Chicago Symphony Orchestra),41.87927535633318,-87.62468041570357
193,5652164f498e36174c80c9d5,8.5,African Restaurants,4bf58dd8d48988d1c8941735,Nando's Peri-Peri,22 S Wabash Ave,60603,Chicago,41.88132517058762,-87.62610609482775,Symphony Center (Chicago Symphony Orchestra),41.87927535633318,-87.62468041570357
194,553977b7498eb9779dcb0592,8.6,Cafés,4bf58dd8d48988d16d941735,Goddess and The Baker,33 S Wabash Ave,60603,Chicago,41.8813047949221,-87.62611682811053,Symphony Center (Chicago Symphony Orchestra),41.87927535633318,-87.62468041570357
195,4c2b8f18ae6820a188021843,8.1,Coffee Shops,4bf58dd8d48988d1e0931735,Starbucks,131 South State,60603,Chicago,41.87958598,-87.6278888,Symphony Center (Chicago Symphony Orchestra),41.87927535633318,-87.62468041570357
196,4b044119f964a520945222e3,6.2,Food Courts,4bf58dd8d48988d120951735,Urban Market,10 S Dearborn St,60603,Chicago,41.88096348625979,-87.63002614241205,Symphony Center (Chicago Symphony Orchestra),41.87927535633318,-87.62468041570357
197,5751af74cd102f915c2cb3de,9.0,Food Courts,4bf58dd8d48988d120951735,Revival Food Hall,125 S Clark St,60603,Chicago,41.87956,-87.63055,Symphony Center (Chicago Symphony Orchestra),41.87927535633318,-87.62468041570357
198,4b182fd6f964a52089ce23e3,8.0,Coffee Shops,4bf58dd8d48988d1e0931735,Starbucks,70 W Madison St,60602,Chicago,41.88214,-87.63052,Symphony Center (Chicago Symphony Orchestra),41.87927535633318,-87.62468041570357
199,4b2bedd4f964a520e6bd24e3,8.1,German Restaurants,4bf58dd8d48988d10d941735,The Berghoff Restaurant,17 W Adams St,60603,Chicago,41.879334126547164,-87.62836809709047,Symphony Center (Chicago Symphony Orchestra),41.87927535633318,-87.62468041570357
200,4bfbddf3565f76b0610d06db,6.1,Fast Food Restaurants,4bf58dd8d48988d16e941735,Burger King,151 E Randolph St,60601,Chicago,41.88486425269765,-87.62406359622571,Symphony Center (Chicago Symphony Orchestra),41.87927535633318,-87.62468041570357
201,4b4388d5f964a520a3e225e3,8.6,Sandwich Places,4bf58dd8d48988d1c5941735,Potbelly Sandwich Shop,55 W Monroe St,60603,Chicago,41.880267,-87.62962,Symphony Center (Chicago Symphony Orchestra),41.87927535633318,-87.62468041570357
202,4e56e50352b1d8d4e311da9e,8.7,Bakeries,4bf58dd8d48988d16a941735,Toni Patisserie & Café,65 E Washington St,60602,Chicago,41.88323731071309,-87.62536236548584,Symphony Center (Chicago Symphony Orchestra),41.87927535633318,-87.62468041570357
203,4ad3b624f964a520d9e520e3,7.1,Mexican Restaurants,4bf58dd8d48988d1c1941735,Chipotle Mexican Grill,8 E Madison St,60602,Chicago,41.8822769494024,-87.62712131212254,Symphony Center (Chicago Symphony Orchestra),41.87927535633318,-87.62468041570357
204,49d51ce3f964a520675c1fe3,8.8,Coffee Shops,4bf58dd8d48988d1e0931735,Intelligentsia Coffee,53 W Jackson Blvd,60604,Chicago,41.87809169951115,-87.62961497685731,Symphony Center (Chicago Symphony Orchestra),41.87927535633318,-87.62468041570357
205,5396301d498e2660782b078a,8.7,Coffee Shops,4bf58dd8d48988d1e0931735,Dollop Coffee & Tea,343 S Dearborn St,60604,Chicago,41.87692470762472,-87.62886354493715,Symphony Center (Chicago Symphony Orchestra),41.87927535633318,-87.62468041570357
206,4b1c7145f964a520660724e3,7.7,Coffee Shops,4bf58dd8d48988d1e0931735,Starbucks,151 N. Michigan Ave.,60601,Chicago,41.88512003,-87.62410552,Symphony Center (Chicago Symphony Orchestra),41.87927535633318,-87.62468041570357
207,4b969aa8f964a52006d834e3,8.0,Coffee Shops,4bf58dd8d48988d1e0931735,Starbucks,25 E Washington Blvd,60602,Chicago,41.88335,-87.627362,Symphony Center (Chicago Symphony Orchestra),41.87927535633318,-87.62468041570357
208,4b83f6b5f964a520ab1831e3,7.4,Donut Shops,4bf58dd8d48988d148941735,Dunkin',39 W Jackson Blvd,60604,Chicago,41.87802405366788,-87.62910124854324,Symphony Center (Chicago Symphony Orchestra),41.87927535633318,-87.62468041570357
209,556509d6498e726bdec19fe9,8.4,Burger Joints,4bf58dd8d48988d16c941735,Shake Shack,12 S Michigan Ave,60603,Chicago,41.881672517022395,-87.62445548060445,Symphony Center (Chicago Symphony Orchestra),41.87927535633318,-87.62468041570357
210,520d61de498e45c732e26e4a,8.3,Italian Restaurants,4bf58dd8d48988d110941735,Vapiano,44 S Wabash Ave,60603,Chicago,41.880962,-87.62637,Symphony Center (Chicago Symphony Orchestra),41.87927535633318,-87.62468041570357
211,556b5527498e3bb54be5ff78,9.0,American Restaurants,4bf58dd8d48988d14e941735,Cherry Circle Room,12 S Michigan Ave,60603,Chicago,41.88199386897253,-87.62504971026537,Symphony Center (Chicago Symphony Orchestra),41.87927535633318,-87.62468041570357
212,4e667204091afcffda218e18,8.6,Bakeries,4bf58dd8d48988d16a941735,Magnolia Bakery,108 N State St,60602,Chicago,41.88418724189101,-87.62807811436072,Symphony Center (Chicago Symphony Orchestra),41.87927535633318,-87.62468041570357
213,54060b96498ed2702c0632f7,8.6,Coffee Shops,4bf58dd8d48988d1e0931735,Peet's Coffee & Tea,"20 North Michigan Ave.,",60602,Chicago,41.882467,-87.624686,Symphony Center (Chicago Symphony Orchestra),41.87927535633318,-87.62468041570357
214,4a63b5c3f964a5209fc51fe3,7.9,Pizza Places,4bf58dd8d48988d1ca941735,Pizano's Pizza,61 E Madison St.,60603,Chicago,41.88203067877805,-87.62564191295317,Symphony Center (Chicago Symphony Orchestra),41.87927535633318,-87.62468041570357
215,4a189b92f964a520d0791fe3,8.8,Pizza Places,4bf58dd8d48988d1ca941735,Giordano's,130 E Randolph St,60601,Chicago,41.8851301,-87.6237612,Symphony Center (Chicago Symphony Orchestra),41.87927535633318,-87.62468041570357
216,59ea2c436e46507344ca1aae,9.2,Salad Places,4bf58dd8d48988d1bd941735,sweetgreen,150 N Michigan Ave,60601,Chicago,41.8849641,-87.6247284,Symphony Center (Chicago Symphony Orchestra),41.87927535633318,-87.62468041570357
217,593ec2950a464d2a57edaf0f,8.7,Salad Places,4bf58dd8d48988d1bd941735,sweetgreen,1 North Dearborn Street,60602,Chicago,41.8822714,-87.629236,Symphony Center (Chicago Symphony Orchestra),41.87927535633318,-87.62468041570357
218,54626978498e94400ce0bcfc,8.7,Snack Places,4bf58dd8d48988d1c7941735,Garrett Popcorn Shops - Millennium Park Plaza,151 N Michigan Ave,60601,Chicago,41.88485432912304,-87.62449889209589,Symphony Center (Chicago Symphony Orchestra),41.87927535633318,-87.62468041570357
219,4e73881c922e0a374024c7b8,7.8,Coffee Shops,4bf58dd8d48988d1e0931735,Starbucks,8 N. Michigan Avenue,60602,Chicago,41.88247774,-87.62470103,Symphony Center (Chicago Symphony Orchestra),41.87927535633318,-87.62468041570357
220,4e879cdc93adfd051d6d609e,9.0,Breakfast Spots,4bf58dd8d48988d143941735,Wildberry Pancakes & Cafe,130 E Randolph St,60601,Chicago,41.884412453490874,-87.62304697069013,Symphony Center (Chicago Symphony Orchestra),41.87927535633318,-87.62468041570357
221,551192b1498e8695352d33e6,8.1,American Restaurants,4bf58dd8d48988d14e941735,Remington's,20 N Michigan Ave,60602,Chicago,41.88262817996864,-87.6246078982256,Symphony Center (Chicago Symphony Orchestra),41.87927535633318,-87.62468041570357
222,4a5bc165f964a520b9bb1fe3,9.2,Coffee Shops,4bf58dd8d48988d1e0931735,Intelligentsia Coffee,53 E Randolph St,60601,Chicago,41.88451693392431,-87.62578251254217,Symphony Center (Chicago Symphony Orchestra),41.87927535633318,-87.62468041570357
223,4b215953f964a520843a24e3,6.4,Italian Restaurants,4bf58dd8d48988d110941735,Sopraffina,200 E Randolph,60601,Chicago,41.88476886982222,-87.62153948006629,Symphony Center (Chicago Symphony Orchestra),41.87927535633318,-87.62468041570357
224,3fd66200f964a520c7f01ee3,8.0,New American Restaurants,4bf58dd8d48988d157941735,Atwood,1 W Washington St,60602,Chicago,41.88320484715686,-87.62819133764489,Symphony Center (Chicago Symphony Orchestra),41.87927535633318,-87.62468041570357
225,4b1d4b87f964a5205a0e24e3,6.1,Restaurants,4bf58dd8d48988d1c4941735,Market Creations,130 E Randolph St,60601,Chicago,41.88469159793658,-87.62370857374096,Symphony Center (Chicago Symphony Orchestra),41.87927535633318,-87.62468041570357
226,4a341c58f964a520c19b1fe3,8.2,Tea Rooms,4bf58dd8d48988d1dc931735,Argo Tea,16 W Randolph St,60601,Chicago,41.88448642718205,-87.62841459966667,Symphony Center (Chicago Symphony Orchestra),41.87927535633318,-87.62468041570357
227,4ed3dd7e93ad987b5112d29f,8.2,Bakeries,4bf58dd8d48988d16a941735,Panera Bread,2 N Michigan Ave,60602,Chicago,41.882273,-87.624795,Symphony Center (Chicago Symphony Orchestra),41.87927535633318,-87.62468041570357
228,55669b9b498ee34e5249ea61,9.2,New American Restaurants,4bf58dd8d48988d157941735,Cindy's,12 S Michigan Ave,60603,Chicago,41.88169538551873,-87.62460021795313,Symphony Center (Chicago Symphony Orchestra),41.87927535633318,-87.62468041570357
229,4aba6980f964a520368120e3,8.9,Cuban Restaurants,4bf58dd8d48988d154941735,Cafecito,26 E Congress Pkwy,60605,Chicago,41.87572380188488,-87.62638570202324,Symphony Center (Chicago Symphony Orchestra),41.87927535633318,-87.62468041570357
230,57693f2b498e2878c657453d,7.6,Coffee Shops,4bf58dd8d48988d1e0931735,Dollop Coffee & Tea,55 W Monroe St,60603,Chicago,41.88094589993328,-87.62970504510251,Symphony Center (Chicago Symphony Orchestra),41.87927535633318,-87.62468041570357
231,54919007498e847c5398e995,7.8,Juice Bars,4bf58dd8d48988d112941735,Protein Bar & Kitchen,151 N Michigan Ave,60601,Chicago,41.885002,-87.624188,Symphony Center (Chicago Symphony Orchestra),41.87927535633318,-87.62468041570357
232,4b7c5db2f964a520038f2fe3,6.1,Fast Food Restaurants,4bf58dd8d48988d16e941735,McDonald's,23 S Clark St,60603,Chicago,41.880939,-87.6305628,Symphony Center (Chicago Symphony Orchestra),41.87927535633318,-87.62468041570357
233,5467af9e498e1b95c055253b,8.4,Coffee Shops,4bf58dd8d48988d1e0931735,Hero Coffee Bar,439 S Dearborn St,60605,Chicago,41.875715587419926,-87.62910922102952,Symphony Center (Chicago Symphony Orchestra),41.87927535633318,-87.62468041570357
234,40b28c80f964a52039fb1ee3,8.8,Music Venues,4bf58dd8d48988d1e5931735,Buddy Guy's Legends,700 S Wabash Ave,60605,Chicago,41.87303431768606,-87.62613544504586,Symphony Center (Chicago Symphony Orchestra),41.87927535633318,-87.62468041570357
235,51c308c7498e369787203cfe,8.4,Fast Food Restaurants,4bf58dd8d48988d16e941735,Chick-fil-A,"177 N State St, Suite 1A",60601,Chicago,41.885609,-87.627665,The Chicago Theatre,41.8855389313031,-87.6271507302385
236,4b54f453f964a52008d527e3,8.2,Sandwich Places,4bf58dd8d48988d1c5941735,Potbelly Sandwich Shop,190 N State St,60601,Chicago,41.88561,-87.628209,The Chicago Theatre,41.8855389313031,-87.6271507302385
237,4a5bc165f964a520b9bb1fe3,9.2,Coffee Shops,4bf58dd8d48988d1e0931735,Intelligentsia Coffee,53 E Randolph St,60601,Chicago,41.88451693392431,-87.62578251254217,The Chicago Theatre,41.8855389313031,-87.6271507302385
238,59aed71ed552c7632d13c4ee,7.8,African Restaurants,4bf58dd8d48988d1c8941735,Nando's Peri-Peri,117 E Lake St,60601,Chicago,41.88569436185178,-87.624279366855,The Chicago Theatre,41.8855389313031,-87.6271507302385
239,5d168f8794dd8b0023220b09,7.9,Italian Restaurants,4bf58dd8d48988d110941735,Pizzeria Portofino,317 North Clark Street,60654,Chicago,41.88810153938247,-87.63064384460449,The Chicago Theatre,41.8855389313031,-87.6271507302385
240,4e667204091afcffda218e18,8.6,Bakeries,4bf58dd8d48988d16a941735,Magnolia Bakery,108 N State St,60602,Chicago,41.88418724189101,-87.62807811436072,The Chicago Theatre,41.8855389313031,-87.6271507302385
241,4b10054af964a520946723e3,7.5,Coffee Shops,4bf58dd8d48988d1e0931735,Starbucks,40 W Lake Street,60601,Chicago,41.885902,-87.62886,The Chicago Theatre,41.8855389313031,-87.6271507302385
242,4b40d131f964a52088bb25e3,7.1,Coffee Shops,4bf58dd8d48988d1e0931735,Starbucks,200 N Michigan Ave,60601,Chicago,41.88594506102927,-87.62480898377109,The Chicago Theatre,41.8855389313031,-87.6271507302385
243,592f142acf72a063b395cb43,7.2,Cafés,4bf58dd8d48988d16d941735,Nutella Cafe,189 N Michigan Avenue,60601,Chicago,41.88559525878139,-87.62447569769371,The Chicago Theatre,41.8855389313031,-87.6271507302385
244,5755b556498ea375c5d4baac,9.0,Gastropubs,4bf58dd8d48988d155941735,The Dearborn,145 N Dearborn St,60602,Chicago,41.88441496734612,-87.6295536667491,The Chicago Theatre,41.8855389313031,-87.6271507302385
245,5a43fb90898bdc16c171d6cb,8.3,Donut Shops,4bf58dd8d48988d148941735,Stan’s Donuts,181 N. Michigan Ave,60601,Chicago,41.88537128151265,-87.62451561671243,The Chicago Theatre,41.8855389313031,-87.6271507302385
246,4ac91938f964a5209abe20e3,8.2,American Restaurants,4bf58dd8d48988d14e941735,Sweetwater Tavern & Grille,225 N Michigan Ave,60601,Chicago,41.88640478842735,-87.62440762332034,The Chicago Theatre,41.8855389313031,-87.6271507302385
247,4b475fa5f964a520263026e3,7.2,Frozen Yogurt Shops,512e7cae91d4cbb4e5efe0af,The Lifeway Kefir Shop,108 N State St,60602,Chicago,41.8837857356299,-87.6289968375569,The Chicago Theatre,41.8855389313031,-87.6271507302385
248,59ea2c436e46507344ca1aae,9.2,Salad Places,4bf58dd8d48988d1bd941735,sweetgreen,150 N Michigan Ave,60601,Chicago,41.8849641,-87.6247284,The Chicago Theatre,41.8855389313031,-87.6271507302385
249,5633effc498e7c921879ac67,7.6,Food Courts,4bf58dd8d48988d120951735,Latinicity,108 N State St Fl 3,60602,Chicago,41.8841166575084,-87.62887765298707,The Chicago Theatre,41.8855389313031,-87.6271507302385
250,54c65fa2498edf6cf29df04d,8.0,Coffee Shops,4bf58dd8d48988d1e0931735,Peet's Coffee & Tea,400 N Michigan Ave,60611,Chicago,41.88953302621039,-87.62496299800276,The Chicago Theatre,41.8855389313031,-87.6271507302385
251,51e43894498e6dfbd17d7523,8.7,Middle Eastern Restaurants,4bf58dd8d48988d115941735,Naf Naf Grill,326 N Michigan Ave,60601,Chicago,41.887618417448806,-87.62450537999509,The Chicago Theatre,41.8855389313031,-87.6271507302385
252,5441bc8b498e70910fa11726,8.8,American Restaurants,4bf58dd8d48988d14e941735,The Kitchen,316 N Clark St,60654,Chicago,41.887871,-87.63123399999999,The Chicago Theatre,41.8855389313031,-87.6271507302385
253,51661c84e4b01695f4930291,8.5,Lounges,4bf58dd8d48988d121941735,Travelle,330 N Wabash Ave,60611,Chicago,41.888550529767954,-87.62745598465574,The Chicago Theatre,41.8855389313031,-87.6271507302385
254,4bf8755d4a67c928ba7c25cf,5.7,American Restaurants,4bf58dd8d48988d14e941735,O'Briens Riverwalk Cafe,45 E Riverwalk S,60601,Chicago,41.88822802610438,-87.62666493637745,The Chicago Theatre,41.8855389313031,-87.6271507302385
255,4e8f3a25d3e3187fc26ada30,8.2,Mexican Restaurants,4bf58dd8d48988d1c1941735,Chipotle Mexican Grill,316 N Michigan Ave,60601,Chicago,41.887287723166054,-87.62484811532687,The Chicago Theatre,41.8855389313031,-87.6271507302385
256,57bb7701498eb5ac6831ec93,8.5,Coffee Shops,4bf58dd8d48988d1e0931735,Goddess and the Baker,225 N Lasalle St,60601,Chicago,41.88710835679483,-87.63227770968568,The Chicago Theatre,41.8855389313031,-87.6271507302385
257,4e879cdc93adfd051d6d609e,9.0,Breakfast Spots,4bf58dd8d48988d143941735,Wildberry Pancakes & Cafe,130 E Randolph St,60601,Chicago,41.884412453490874,-87.62304697069013,The Chicago Theatre,41.8855389313031,-87.6271507302385
258,4a189b92f964a520d0791fe3,8.8,Pizza Places,4bf58dd8d48988d1ca941735,Giordano's,130 E Randolph St,60601,Chicago,41.8851301,-87.6237612,The Chicago Theatre,41.8855389313031,-87.6271507302385
259,4ec5635e0aaf9233edd25117,8.7,Pizza Places,4bf58dd8d48988d1ca941735,Bongiorno's Italian Deli & Pizzeria,405 N Wabash Ave,60611,Chicago,41.88934252168581,-87.62621632443584,The Chicago Theatre,41.8855389313031,-87.6271507302385
260,5ade3d7b2f97ec47ca9a4142,8.5,General Entertainment,4bf58dd8d48988d1f1931735,Flight Club Social Darts,111 W Wacker Dr,60601,Chicago,41.88689114366546,-87.63106679554905,The Chicago Theatre,41.8855389313031,-87.6271507302385
261,5c096c0dd1a402002c127988,8.3,Pizza Places,4bf58dd8d48988d1ca941735,Parlor Pizza Bar,405 N Dearborn,60654,Chicago,41.889403,-87.629325,The Chicago Theatre,41.8855389313031,-87.6271507302385
262,59b2ae519be5223cd08a8955,7.9,Restaurants,4bf58dd8d48988d1c4941735,Land & Lake Kitchen,81 E Wacker Pl,60601,Chicago,41.887882,-87.62557,The Chicago Theatre,41.8855389313031,-87.6271507302385
263,573d1c11498e2f1430925a2a,8.8,New American Restaurants,4bf58dd8d48988d157941735,Beacon Tavern,405 N Wabash Ave,60611,Chicago,41.88931907656569,-87.62610733957459,The Chicago Theatre,41.8855389313031,-87.6271507302385
264,4ad91beff964a5202e1821e3,9.3,Seafood Restaurants,4bf58dd8d48988d1ce941735,Shaw's Crab House,21 E Hubbard St,60611,Chicago,41.88995884817228,-87.62706513392384,The Chicago Theatre,41.8855389313031,-87.6271507302385
265,5972a0ab4b78c50ff3f784c3,8.0,Bars,4bf58dd8d48988d116941735,Barrio,65 West Kinzie Street,60654,Chicago,41.88923982571762,-87.63084850178384,The Chicago Theatre,41.8855389313031,-87.6271507302385
266,49e749fbf964a52086641fe3,8.9,Gastropubs,4bf58dd8d48988d155941735,The Gage,24 S Michigan Ave,60603,Chicago,41.88120182139492,-87.62448118100146,The Chicago Theatre,41.8855389313031,-87.6271507302385
267,553977b7498eb9779dcb0592,8.6,Cafés,4bf58dd8d48988d16d941735,Goddess and The Baker,33 S Wabash Ave,60603,Chicago,41.8813047949221,-87.62611682811053,The Chicago Theatre,41.8855389313031,-87.6271507302385
268,51094b2ce4b04df5935bccba,9.2,Donut Shops,4bf58dd8d48988d148941735,Firecakes Donuts,68 W Hubbard St,60654,Chicago,41.89000196526419,-87.63060477613422,The Chicago Theatre,41.8855389313031,-87.6271507302385
269,56cf9a91498e63498992d215,6.9,Dumpling Restaurants,4bf58dd8d48988d108941735,Imperial Lamian,6 W Hubbard St,60654,Chicago,41.89017,-87.62815,The Chicago Theatre,41.8855389313031,-87.6271507302385
270,49cd0720f964a520aa591fe3,8.6,New American Restaurants,4bf58dd8d48988d157941735,HUB 51,51 W Hubbard St,60654,Chicago,41.88993046415249,-87.6298612617366,The Chicago Theatre,41.8855389313031,-87.6271507302385
271,556509d6498e726bdec19fe9,8.4,Burger Joints,4bf58dd8d48988d16c941735,Shake Shack,12 S Michigan Ave,60603,Chicago,41.881672517022395,-87.62445548060445,The Chicago Theatre,41.8855389313031,-87.6271507302385
272,536f0074498e444ed7877dc6,8.8,Noodle Houses,4bf58dd8d48988d1d1941735,Ramen-San,59 W Hubbard St,60654,Chicago,41.89001461177867,-87.63041746580278,The Chicago Theatre,41.8855389313031,-87.6271507302385
273,50f58653e4b0e1058164dc7e,8.9,Italian Restaurants,4bf58dd8d48988d110941735,Siena Tavern,51 West Kinzie Street,60654,Chicago,41.889173329923125,-87.62971857956552,The Chicago Theatre,41.8855389313031,-87.6271507302385
274,4e73881c922e0a374024c7b8,7.8,Coffee Shops,4bf58dd8d48988d1e0931735,Starbucks,8 N. Michigan Avenue,60602,Chicago,41.88247774,-87.62470103,The Chicago Theatre,41.8855389313031,-87.6271507302385
275,4ed3dd7e93ad987b5112d29f,8.2,Bakeries,4bf58dd8d48988d16a941735,Panera Bread,2 N Michigan Ave,60602,Chicago,41.882273,-87.624795,The Chicago Theatre,41.8855389313031,-87.6271507302385
276,5544396e498e1e2d82b56c7f,8.6,Steakhouses,4bf58dd8d48988d1cc941735,Prime & Provisions,222 N La Salle St,60601,Chicago,41.88690281621339,-87.63265913310451,The Chicago Theatre,41.8855389313031,-87.6271507302385
277,4be304c3d27a20a1f801915b,6.8,Shopping Malls,4bf58dd8d48988d1fd941735,The Atrium at the Thompson Center,100 W Randolph St.,60601,Chicago,41.885014681092024,-87.63142364693333,The Chicago Theatre,41.8855389313031,-87.6271507302385
278,51f7183b8bbdc6a6ae21592e,8.7,Tiki Bars,56aa371be4b08b9a8d57354d,Three Dots and a Dash,435 N Clark St,60654,Chicago,41.89027,-87.63069,The Chicago Theatre,41.8855389313031,-87.6271507302385
279,53bdc413498e161627668129,8.8,Restaurants,4bf58dd8d48988d1c4941735,River Roast,315 N La Salle Dr,60654,Chicago,41.88722166383858,-87.63208666502986,The Chicago Theatre,41.8855389313031,-87.6271507302385
280,55669b9b498ee34e5249ea61,9.2,New American Restaurants,4bf58dd8d48988d157941735,Cindy's,12 S Michigan Ave,60603,Chicago,41.88169538551873,-87.62460021795313,The Chicago Theatre,41.8855389313031,-87.6271507302385
281,55920187498ecdbb2b627305,9.4,Chocolate Shops,52f2ab2ebcbc57f1066b8b31,Ghirardelli Ice Cream And Chocolate Shop - Wrigley,400 N Michigan Ave,60611,Chicago,41.889229815922526,-87.62448692774466,The Chicago Theatre,41.8855389313031,-87.6271507302385
282,581202fdd67c6d530d897f01,8.1,Coffee Shops,4bf58dd8d48988d1e0931735,Starbucks,333 N. Michigan Avenue,60601,Chicago,41.887747140247676,-87.62464787427332,The Chicago Theatre,41.8855389313031,-87.6271507302385
283,4b82eaa6f964a52008ed30e3,8.0,Coffee Shops,4bf58dd8d48988d1e0931735,Starbucks,180 N La Salle St,60601,Chicago,41.88560172,-87.63265151,The Chicago Theatre,41.8855389313031,-87.6271507302385
284,4c22665899282d7f411067b0,6.3,Food Courts,4bf58dd8d48988d120951735,Atrium Food Court,"100 W Randolph, Concourse",60601,Chicago,41.88516275046533,-87.63163902479333,The Chicago Theatre,41.8855389313031,-87.6271507302385
285,4f2a0d0ae4b0837d0c4c2bc3,9.5,Delis / Bodegas,4bf58dd8d48988d146941735,Publican Quality Meats,825 W Fulton Market,60607,Chicago,41.886641964097095,-87.64871823183745,Publican Quality Meats,41.886641964097095,-87.64871823183745
286,4a08f159f964a52028741fe3,9.0,New American Restaurants,4bf58dd8d48988d157941735,The Publican,837 W Fulton Market,60607,Chicago,41.88671904771414,-87.6488304749241,Publican Quality Meats,41.886641964097095,-87.64871823183745
287,59278d15da2e0026b1e8a065,8.8,New American Restaurants,4bf58dd8d48988d157941735,Beatrix,834 W Fulton Market,60607,Chicago,41.88683275273073,-87.64895495261544,Publican Quality Meats,41.886641964097095,-87.64871823183745
288,5ae8ef9764c8e1002cc6f9b0,8.8,Breweries,50327c8591d4c4b30a586d5d,Ballast Point Tasting Room & Kitchen,212 N Green St,60607,Chicago,41.886157610840115,-87.64890527007812,Publican Quality Meats,41.886641964097095,-87.64871823183745
289,5636baa1498ec8195142144c,7.9,Fried Chicken Joints,4d4ae6fc7a7b7dea34424761,Gus's World Famous Fried Chicken,847 W Fulton Market,60607,Chicago,41.88676306433642,-87.64932026355935,Publican Quality Meats,41.886641964097095,-87.64871823183745
290,5aa1e6cf1755621d76283f88,7.5,Restaurants,4bf58dd8d48988d1c4941735,Punch Bowl Social,310 N Green St,60607,Chicago,41.887118,-87.649002,Publican Quality Meats,41.886641964097095,-87.64871823183745
291,5ad53c8aa6031c2c12943d12,5.7,Burger Joints,4bf58dd8d48988d16c941735,Kuma's Corner West Loop,852 W Fulton Market,60607,Chicago,41.88687286042623,-87.6496076371703,Publican Quality Meats,41.886641964097095,-87.64871823183745
292,5ca262e21c675b002cbd8435,8.5,American Restaurants,4bf58dd8d48988d14e941735,Cabra,200 N Green St,60607,Chicago,41.88585503749511,-87.64908645651433,Publican Quality Meats,41.886641964097095,-87.64871823183745
293,5b1854154a7aae002cbe8e62,9.3,Mediterranean Restaurants,4bf58dd8d48988d1c0941735,Aba,302 N Green St,60607,Chicago,41.886852162003066,-87.64888478200851,Publican Quality Meats,41.886641964097095,-87.64871823183745
294,561afeec498ef82a50f5e6ca,8.4,Dessert Shops,4bf58dd8d48988d1d0941735,Bombobar,"832 W Randolph Street Chicago, IL, 60607",60607,Chicago,41.884760363318634,-87.6485576789726,Publican Quality Meats,41.886641964097095,-87.64871823183745
295,4a53bc01f964a520abb21fe3,8.5,Latin American Restaurants,4bf58dd8d48988d1be941735,Carnivale,702 W Fulton Market,60661,Chicago,41.88690920342862,-87.64619594627351,Publican Quality Meats,41.886641964097095,-87.64871823183745
296,5cc35ef5492822002eab50dd,7.8,Indian Restaurants,4bf58dd8d48988d10f941735,ROOH Chicago,736 W Randolph St,60661,Chicago,41.8846536,-87.6471423,Publican Quality Meats,41.886641964097095,-87.64871823183745
297,56f45a27498e476e9ed38509,9.1,Chinese Restaurants,4bf58dd8d48988d145941735,Duck Duck Goat,857 W Fulton Market,60607,Chicago,41.88676820890641,-87.6495103057492,Publican Quality Meats,41.886641964097095,-87.64871823183745
298,55b42cdb498e6093d451d365,8.7,Italian Restaurants,4bf58dd8d48988d110941735,Bar Siena,832 West Randolph Street,60607,Chicago,41.8846653242402,-87.64880197975201,Publican Quality Meats,41.886641964097095,-87.64871823183745
299,54296aa7498e36575ee9a8b6,9.2,Japanese Restaurants,4bf58dd8d48988d111941735,Momotaro,820 W Lake St,60607,Chicago,41.8856673631326,-87.64860372619373,Publican Quality Meats,41.886641964097095,-87.64871823183745
300,54130d3f498e7552ba5b4d1b,8.1,Italian Restaurants,4bf58dd8d48988d110941735,Formento's,925 W Randolph St,60607,Chicago,41.88418232607609,-87.65071663272487,Publican Quality Meats,41.886641964097095,-87.64871823183745
301,53d6e989498e6c43226aea3d,8.8,Cafés,4bf58dd8d48988d16d941735,The Allis,113-125 N Green St,60607,Chicago,41.88393303213708,-87.64855264707009,Publican Quality Meats,41.886641964097095,-87.64871823183745
302,540f88f0498ebc69f8d2e671,8.3,Pizza Places,4bf58dd8d48988d1ca941735,Parlor Pizza Bar,108 N Green St,60607,Chicago,41.8834,-87.6487,Publican Quality Meats,41.886641964097095,-87.64871823183745
303,4f3d871fe4b046e822dbe157,9.1,Burger Joints,4bf58dd8d48988d16c941735,Au Cheval,800 W Randolph St,60607,Chicago,41.884669,-87.647743,Publican Quality Meats,41.886641964097095,-87.64871823183745
304,4197f180f964a520181e1fe3,9.2,New American Restaurants,4bf58dd8d48988d157941735,Avec,615 W Randolph St,60661,Chicago,41.88450370096197,-87.64346655892965,Publican Quality Meats,41.886641964097095,-87.64871823183745
305,59c0b8c1826444642a373da1,8.6,Salad Places,4bf58dd8d48988d1bd941735,sweetgreen,1000 W Randolph St,60607,Chicago,41.8845513,-87.6524911,Publican Quality Meats,41.886641964097095,-87.64871823183745
306,53ed585c498e4adbcacd6863,8.3,Latin American Restaurants,4bf58dd8d48988d1be941735,Bar Takito,201 N Morgan St,60607,Chicago,41.88570743293017,-87.65215021286863,Publican Quality Meats,41.886641964097095,-87.64871823183745
307,5069b779e4b033d35919d26c,9.2,Diners,4bf58dd8d48988d147941735,Little Goat Diner,820 W Randolph St,60607,Chicago,41.88454042272216,-87.64849373875771,Publican Quality Meats,41.886641964097095,-87.64871823183745
308,59137f3789e490660e4d7a27,8.9,Donut Shops,4bf58dd8d48988d148941735,Do-Rite Donuts and Chicken,181 North Morgan Street,60607,Chicago,41.88541690743702,-87.65223678360316,Publican Quality Meats,41.886641964097095,-87.64871823183745
309,52f18c49498e6b5f0500b610,9.3,BBQ Joints,4bf58dd8d48988d1df931735,Green Street Smoked Meats,112 N Green St,60607,Chicago,41.88374674300202,-87.64881932838182,Publican Quality Meats,41.886641964097095,-87.64871823183745
310,5a204e41e679bc6293a13501,8.7,Coffee Shops,4bf58dd8d48988d1e0931735,Stumptown Coffee Roasters,311 N Morgan St,60607,Chicago,41.887685052746264,-87.65216586090638,Publican Quality Meats,41.886641964097095,-87.64871823183745
311,566c3e8b498e493157b8c508,9.3,Coffee Shops,4bf58dd8d48988d1e0931735,Sawada Coffee,112 N Green St,60607,Chicago,41.88372962882918,-87.6487263464664,Publican Quality Meats,41.886641964097095,-87.64871823183745
312,5cad20105c6838002cc19174,8.8,Ice Cream Shops,4bf58dd8d48988d1c9941735,Jeni's Splendid Ice Creams,908 W Randolph St,60607,Chicago,41.88448761758271,-87.65009516958453,Publican Quality Meats,41.886641964097095,-87.64871823183745
313,4dfcd715fa76c83b6e7e08f8,8.9,Coffee Shops,4bf58dd8d48988d1e0931735,La Colombe Torrefaction,955 W Randolph St,60607,Chicago,41.884061943770284,-87.65192180871964,Publican Quality Meats,41.886641964097095,-87.64871823183745
314,4a94b02df964a520532220e3,9.3,Italian Restaurants,4bf58dd8d48988d110941735,Piccolo Sogno,464 N Halsted St,60642,Chicago,41.89085242143617,-87.64769816506221,Publican Quality Meats,41.886641964097095,-87.64871823183745
315,59246d608496ca6791bca363,7.5,Burger Joints,4bf58dd8d48988d16c941735,Shake Shack,188 N Morgan St,60607,Chicago,41.88540127490412,-87.65224434753368,Publican Quality Meats,41.886641964097095,-87.64871823183745
316,4c1f8dd3b306c928029768b7,9.1,New American Restaurants,4bf58dd8d48988d157941735,Girl & the Goat,809 W Randolph St,60607,Chicago,41.884265013344944,-87.6479273869747,Publican Quality Meats,41.886641964097095,-87.64871823183745
317,573b5c23498e873d550f3436,8.3,Taco Places,4bf58dd8d48988d151941735,Federales,180 N Morgan St,60607,Chicago,41.885365,-87.652297,Publican Quality Meats,41.886641964097095,-87.64871823183745
318,56fc6a13498edeb9c07e3398,8.8,New American Restaurants,4bf58dd8d48988d157941735,Roister,951 W Fulton Market,60607,Chicago,41.886636,-87.651405,Publican Quality Meats,41.886641964097095,-87.64871823183745
319,5b9b2749286fda002cc8cad5,8.0,Cafés,4bf58dd8d48988d16d941735,Princi,1000 W Randolph St,60607,Chicago,41.88456513190352,-87.6522310664807,Publican Quality Meats,41.886641964097095,-87.64871823183745
320,595668292e26800edb06c257,7.9,New American Restaurants,4bf58dd8d48988d157941735,City Mouse,311 N Morgan St,60607,Chicago,41.88745321287898,-87.65227827478463,Publican Quality Meats,41.886641964097095,-87.64871823183745
321,59eba90186f4cc1806508d81,7.4,Coffee Shops,4bf58dd8d48988d1e0931735,Starbucks,500 N Milwaukee Ave,60642,Chicago,41.89132794025921,-87.64800263712712,Publican Quality Meats,41.886641964097095,-87.64871823183745
322,56d07112cd10d9e68d9aa269,9.0,Breweries,50327c8591d4c4b30a586d5d,Cruz Blanca Brewery & Taquería,904 W Randolph St,60607,Chicago,41.88451841468559,-87.64998322291447,Publican Quality Meats,41.886641964097095,-87.64871823183745
323,590a29de0d2be759c6dfa875,8.4,Mexican Restaurants,4bf58dd8d48988d1c1941735,La Josie,740 W Randolph St,60661,Chicago,41.88477419593368,-87.64738585687907,Publican Quality Meats,41.886641964097095,-87.64871823183745
324,5cd3a50e065ef5002ca48461,9.0,Food Courts,4bf58dd8d48988d120951735,Politan Row,111 N Aberdeen St,60607,Chicago,41.88382116207822,-87.65410289161335,Publican Quality Meats,41.886641964097095,-87.64871823183745
325,526728db11d293604832307d,8.6,New American Restaurants,4bf58dd8d48988d157941735,The Dawson,732 W Grand Ave,60654,Chicago,41.89113194583443,-87.64741092705734,Publican Quality Meats,41.886641964097095,-87.64871823183745
326,55578ce6498e5067c3f53ffd,8.6,Portuguese Restaurants,4def73e84765ae376e57713a,Nando's Peri-Peri,953 W Randolph St,60607,Chicago,41.88414549439909,-87.65179925898083,Publican Quality Meats,41.886641964097095,-87.64871823183745
327,562feb3c498e96fc8dcb10f0,9.0,Italian Restaurants,4bf58dd8d48988d110941735,Monteverde,1020 West Madison Street,60607,Chicago,41.881734935594224,-87.6531296146718,Publican Quality Meats,41.886641964097095,-87.64871823183745
328,4a53564bf964a52031b21fe3,6.8,Coffee Shops,4bf58dd8d48988d1e0931735,Starbucks,946 W. Randolph St.,60607,Chicago,41.88466432,-87.65187036,Publican Quality Meats,41.886641964097095,-87.64871823183745
329,5ae0b24a603d2a5c41cd833b,7.9,Fast Food Restaurants,4bf58dd8d48988d16e941735,McDonald's,1035 W Randolph St,60607,Chicago,41.88413270379468,-87.65359157944198,Publican Quality Meats,41.886641964097095,-87.64871823183745
330,56f091c8498e0070cb34e43a,8.0,New American Restaurants,4bf58dd8d48988d157941735,St Lou's Assembly,664 West lake Street,60661,Chicago,41.885984190791625,-87.64563890693017,Publican Quality Meats,41.886641964097095,-87.64871823183745
331,598b16979411f2393dfb8884,8.8,Pizza Places,4bf58dd8d48988d1ca941735,Bonci Pizzeria,161 N Sangamon,60607,Chicago,41.8849378046339,-87.65083096006029,Publican Quality Meats,41.886641964097095,-87.64871823183745
332,56258c49498ee48ae176e5db,8.9,Steakhouses,4bf58dd8d48988d1cc941735,Swift & Sons,1000 W Fulton Market,60607,Chicago,41.88691196195718,-87.65222401149262,Publican Quality Meats,41.886641964097095,-87.64871823183745
333,523badaa11d2b6fd088bfee3,9.0,Bars,4bf58dd8d48988d116941735,Dusek's,1227 W 18th St,60608,Chicago,41.8578788498557,-87.65752740620148,Thalia Hall,41.85783222480576,-87.65729185972937
334,4bc00739f8219c74b822b110,6.8,Pizza Places,4bf58dd8d48988d1ca941735,Benny's Pizza II,1244 W 18th St,60608,Chicago,41.85801095205138,-87.6580236525644,Thalia Hall,41.85783222480576,-87.65729185972937
335,4b7f39e8f964a5208f2030e3,7.6,Latin American Restaurants,4bf58dd8d48988d1be941735,Pollo Express,1315 W 18th St,60608,Chicago,41.85787587468133,-87.65949036553407,Thalia Hall,41.85783222480576,-87.65729185972937
336,546795a4498e0e0479f82c4f,8.9,Latin American Restaurants,4bf58dd8d48988d1be941735,Azul 18,1236 W 18th St,60608,Chicago,41.8580501,-87.6580224,Thalia Hall,41.85783222480576,-87.65729185972937
337,51faffb8498e2f68d5d3285f,7.4,Mexican Restaurants,4bf58dd8d48988d1c1941735,La Vaca Margarita Bar,1160 W 18th St,60608,Chicago,41.858224876383915,-87.65570047918192,Thalia Hall,41.85783222480576,-87.65729185972937
338,56fb0a1a498eabf59d6fcf89,7.2,Bakeries,4bf58dd8d48988d16a941735,Spoke & Bird Bakehouse,1248 W 18th St,60608,Chicago,41.858093,-87.658226,Thalia Hall,41.85783222480576,-87.65729185972937
339,5aea5b4bcbcdee002cc81f56,8.5,Cocktail Bars,4bf58dd8d48988d11e941735,Monnie Burke’s,1163 W 18th St,60608,Chicago,41.85782398582006,-87.65563187490626,Thalia Hall,41.85783222480576,-87.65729185972937
340,591776d24a7aae64893cfbbc,6.7,Ramen Restaurants,55a59bace4b013909087cb24,Furious Spoon,1316 W 18th St,60608,Chicago,41.857978433523584,-87.65958531687804,Thalia Hall,41.85783222480576,-87.65729185972937
341,563d6886cd100389bda67efb,7.5,Pizza Places,4bf58dd8d48988d1ca941735,Giordano's Pilsen,1401 W 18th St,60608,Chicago,41.8577399,-87.6615831,Thalia Hall,41.85783222480576,-87.65729185972937
342,4d52101ce02754814228b1b6,6.8,Sandwich Places,4bf58dd8d48988d1c5941735,Subway,1406 W 18th St,60608,Chicago,41.8578632572721,-87.66169267002611,Thalia Hall,41.85783222480576,-87.65729185972937
343,4c92c2712bf7b60cfba2650a,8.1,Mexican Restaurants,4bf58dd8d48988d1c1941735,La Esperanza,1864 S Blue Island Ave,60608,Chicago,41.85618644262251,-87.66256142387583,Thalia Hall,41.85783222480576,-87.65729185972937
344,4af4398ff964a520b4f021e3,8.9,Coffee Shops,4bf58dd8d48988d1e0931735,Cafe Jumping Bean,1439 W 18th St,60608,Chicago,41.857846248228036,-87.66274738367372,Thalia Hall,41.85783222480576,-87.65729185972937
345,597cf050898bdc5ce5bc3d89,6.5,Donut Shops,4bf58dd8d48988d148941735,Dunkin',1316 W Cermak Rd,60608,Chicago,41.8526483657568,-87.6590481529048,Thalia Hall,41.85783222480576,-87.65729185972937
346,552ab78b498ed037d5cbaa6f,7.5,Mexican Restaurants,4bf58dd8d48988d1c1941735,La Cecina,1536 W 18th St,60608,Chicago,41.85807,-87.66515,Thalia Hall,41.85783222480576,-87.65729185972937
347,4bae77faf964a52039b63be3,8.5,Mexican Restaurants,4bf58dd8d48988d1c1941735,La Casa Del Pueblo,1834 S Blue Island Ave,60608,Chicago,41.85739344680798,-87.66155426900038,Thalia Hall,41.85783222480576,-87.65729185972937
348,4e627a0dd164ddd5e5cb308c,6.5,Bakeries,4bf58dd8d48988d16a941735,Don Churro (El Moro de Letran),1626 S Blue Island Ave,60608,Chicago,41.85898637027341,-87.66034548269641,Thalia Hall,41.85783222480576,-87.65729185972937
349,4b9d38b0f964a520b69a36e3,8.7,Taco Places,4bf58dd8d48988d151941735,Don Pedro Carnitas,1113 W 18th St,60608,Chicago,41.857970335338514,-87.65381968456947,Thalia Hall,41.85783222480576,-87.65729185972937
350,4ab56128f964a5204b7420e3,8.1,BBQ Joints,4bf58dd8d48988d1df931735,Honky Tonk BBQ,1800 S Racine Ave,60608,Chicago,41.85795887732719,-87.65650767468985,Thalia Hall,41.85783222480576,-87.65729185972937
351,59f24e4135d3fc2f62bcecd0,8.8,New American Restaurants,4bf58dd8d48988d157941735,S.K.Y.,1239 W 18th St,60608,Chicago,41.85786076872874,-87.65781234154781,Thalia Hall,41.85783222480576,-87.65729185972937
352,4be4fec05254d13a067d60e1,5.4,Fast Food Restaurants,4bf58dd8d48988d16e941735,McDonald's,1664 S Blue Island Ave,60608,Chicago,41.858465780756745,-87.6609293371439,Thalia Hall,41.85783222480576,-87.65729185972937
353,513e718ce4b0c423a60e180e,8.5,Cafés,4bf58dd8d48988d16d941735,Cafe La Catrina,1011 W 18th St,60608,Chicago,41.857989765748066,-87.65184885214005,Thalia Hall,41.85783222480576,-87.65729185972937
354,4bb73db546d4a5938535c7c0,7.8,Diners,4bf58dd8d48988d147941735,Steak 'n Egger,1174 W Cermak Rd,60608,Chicago,41.85265503280759,-87.65597360167442,Thalia Hall,41.85783222480576,-87.65729185972937
355,528ba1d311d28bca4130266d,8.2,Taco Places,4bf58dd8d48988d151941735,Atotonilcos,1637 S Blue Island Ave,60608,Chicago,41.85873378509632,-87.66017942794906,Thalia Hall,41.85783222480576,-87.65729185972937
356,569aa92d498eb5f34d655e78,9.2,Mexican Restaurants,4bf58dd8d48988d1c1941735,Canton Regio,1510 W 18th St,60608,Chicago,41.857971550034044,-87.66425762356093,Thalia Hall,41.85783222480576,-87.65729185972937
357,59f51dc9c0f16338d7fa78cf,8.9,Vietnamese Restaurants,4bf58dd8d48988d14a941735,Ca Phe Da,1800 1/2 S. Carpenter,60608,Chicago,41.858011634119485,-87.65360133466521,Thalia Hall,41.85783222480576,-87.65729185972937
358,597037dc286fda37b99b2b52,5.1,Food Courts,4bf58dd8d48988d120951735,Coyotes Restaurant,1451 W 18th St,60608,Chicago,41.85783537917233,-87.66347251859912,Thalia Hall,41.85783222480576,-87.65729185972937
359,519d77fa498e4cf4c369f809,8.9,Dessert Shops,4bf58dd8d48988d1d0941735,La Michoacana,1348 W 18th St,60608,Chicago,41.85685376485575,-87.6617982574662,Thalia Hall,41.85783222480576,-87.65729185972937
360,594dc6af9e0d544d10309eac,9.0,Vietnamese Restaurants,4bf58dd8d48988d14a941735,Haisous Vietnamese Kitchen,1800 S Carpenter St,60608,Chicago,41.85791043737854,-87.65333144462963,Thalia Hall,41.85783222480576,-87.65729185972937
361,5074c2ede4b07a83bbba24a5,7.6,Gastropubs,4bf58dd8d48988d155941735,Pl-zeň,1519 W 18th St,60608,Chicago,41.85783221657908,-87.6645150816919,Thalia Hall,41.85783222480576,-87.65729185972937
362,40b3de00f964a5201f001fe3,8.8,Breweries,50327c8591d4c4b30a586d5d,Goose Island Brewpub,1800 N Clybourn Ave,60614,Chicago,41.91335258277694,-87.65435018794047,Binny's Beverage Depot,41.913048317903566,-87.6553201675415
363,5bdda908e1f228002cc5062d,6.5,Donut Shops,4bf58dd8d48988d148941735,Dunkin',1745 N Sheffield Ave,60614,Chicago,41.9129529,-87.6530191,Binny's Beverage Depot,41.913048317903566,-87.6553201675415
364,5a8765bcc97f285cf63977ca,7.4,Pizza Places,4bf58dd8d48988d1ca941735,MOD Pizza,1000 West North Avenue,60642,Chicago,41.91184293,-87.65453158,Binny's Beverage Depot,41.913048317903566,-87.6553201675415
365,4bd61e2ecfa7b713411627da,7.8,Burger Joints,4bf58dd8d48988d16c941735,Epic Burger,1000 W North Ave,60642,Chicago,41.911888985451924,-87.65415741052473,Binny's Beverage Depot,41.913048317903566,-87.6553201675415
366,57eeade9498e25ef21897125,6.4,Sandwich Places,4bf58dd8d48988d1c5941735,Sandwiched Chicago,1863 N Clybourn Ave,60614,Chicago,41.9149536724719,-87.65515935985137,Binny's Beverage Depot,41.913048317903566,-87.6553201675415
367,5247168e11d23c6133c033f3,7.0,Fried Chicken Joints,4d4ae6fc7a7b7dea34424761,Buffalo Wild Wings,1832 N Clybourn Ave,60614,Chicago,41.9143583,-87.6544997,Binny's Beverage Depot,41.913048317903566,-87.6553201675415
368,4acc92c3f964a520ffc820e3,6.7,Sandwich Places,4bf58dd8d48988d1c5941735,Subway,1762 N Clybourn Ave,60614,Chicago,41.91329443511454,-87.65285573844245,Binny's Beverage Depot,41.913048317903566,-87.6553201675415
